Date,Weekday,Holiday,Month,Season,Temperature,Humidity,Windy,Outlook,Crowdedness
2021-01-01,4,1,Jan,Winter,3.3,49.0,1,sunny,0.73
2021-01-02,5,0,Jan,Winter,2.9,53.0,0,sunny,0.74
2021-01-03,6,0,Jan,Winter,2.3,58.0,0,overcast,0.7
2021-01-04,0,0,Jan,Winter,3.0,45.0,0,overcast,0.61
2021-01-05,1,0,Jan,Winter,3.1,31.0,1,sunny,0.52
2021-01-06,2,0,Jan,Winter,2.1,35.0,0,sunny,0.55
2021-01-07,3,0,Jan,Winter,1.2,36.0,1,snow,0.42
2021-01-08,4,0,Jan,Winter,-0.2,56.0,1,snow,0.44
2021-01-09,5,0,Jan,Winter,-0.6,51.0,1,sunny,0.62
2021-01-10,6,0,Jan,Winter,-0.4,59.0,0,snow,0.52
2021-01-11,0,1,Jan,Winter,0.3,69.0,0,snow,0.51
2021-01-12,1,0,Jan,Winter,2.6,50.0,1,overcast,0.45
2021-01-13,2,0,Jan,Winter,5.1,38.0,0,overcast,0.58
2021-01-14,3,0,Jan,Winter,5.5,62.0,0,rainy,0.44
2021-01-15,4,0,Jan,Winter,4.5,52.0,0,overcast,0.57
2021-01-16,5,0,Jan,Winter,1.8,34.0,0,overcast,0.65
2021-01-17,6,0,Jan,Winter,-0.7,61.0,0,snow,0.44
2021-01-18,0,0,Jan,Winter,-0.9,51.0,1,overcast,0.43
2021-01-19,1,0,Jan,Winter,-0.1,56.0,0,overcast,0.43
2021-01-20,2,0,Jan,Winter,-0.3,59.0,1,snow,0.23
2021-01-21,3,0,Jan,Winter,-1.1,47.0,1,snow,0.37
2021-01-22,4,0,Jan,Winter,-1.6,61.0,0,overcast,0.54
2021-01-23,5,0,Jan,Winter,-0.2,38.0,1,snow,0.48
2021-01-24,6,0,Jan,Winter,2.6,53.0,1,sunny,0.6
2021-01-25,0,0,Jan,Winter,5.0,44.0,1,overcast,0.49
2021-01-26,1,0,Jan,Winter,2.2,53.0,1,overcast,0.47
2021-01-27,2,0,Jan,Winter,0.4,58.0,0,snow,0.31
2021-01-28,3,0,Jan,Winter,-1.8,60.0,1,overcast,0.43
2021-01-29,4,0,Jan,Winter,-2.0,54.0,1,snow,0.34
2021-01-30,5,0,Jan,Winter,-0.4,57.0,0,snow,0.51
2021-01-31,6,0,Jan,Winter,0.9,45.0,1,sunny,0.61
2021-02-01,0,0,Feb,Winter,2.3,59.0,1,overcast,0.56
2021-02-02,1,0,Feb,Winter,4.1,53.0,1,sunny,0.55
2021-02-03,2,0,Feb,Winter,4.6,49.0,1,overcast,0.46
2021-02-04,3,0,Feb,Winter,5.5,44.0,0,sunny,0.68
2021-02-05,4,0,Feb,Winter,4.9,45.0,1,overcast,0.55
2021-02-06,5,0,Feb,Winter,4.1,45.0,1,sunny,0.73
2021-02-07,6,0,Feb,Winter,2.8,45.0,0,sunny,0.63
2021-02-08,0,0,Feb,Winter,0.7,52.0,1,snow,0.25
2021-02-09,1,0,Feb,Winter,-0.4,62.0,1,snow,0.31
2021-02-10,2,0,Feb,Winter,-0.1,47.0,0,overcast,0.51
2021-02-11,3,1,Feb,Winter,0.9,43.0,1,snow,0.5
2021-02-12,4,0,Feb,Winter,3.5,51.0,0,overcast,0.63
2021-02-13,5,0,Feb,Winter,4.8,47.0,0,sunny,0.77
2021-02-14,6,0,Feb,Winter,4.8,55.0,0,overcast,0.64
2021-02-15,0,0,Feb,Winter,4.6,61.0,1,sunny,0.52
2021-02-16,1,0,Feb,Winter,3.4,69.0,0,sunny,0.56
2021-02-17,2,0,Feb,Winter,3.3,57.0,0,overcast,0.59
2021-02-18,3,0,Feb,Winter,2.8,42.0,1,sunny,0.56
2021-02-19,4,0,Feb,Winter,2.4,44.0,0,overcast,0.53
2021-02-20,5,0,Feb,Winter,2.4,52.0,1,overcast,0.66
2021-02-21,6,0,Feb,Winter,1.7,46.0,0,snow,0.51
2021-02-22,0,0,Feb,Winter,2.2,44.0,1,sunny,0.48
2021-02-23,1,1,Feb,Winter,2.3,53.0,1,overcast,0.67
2021-02-24,2,0,Feb,Winter,2.7,61.0,1,overcast,0.53
2021-02-25,3,0,Feb,Winter,4.1,45.0,1,overcast,0.56
2021-02-26,4,0,Feb,Winter,5.3,55.0,0,sunny,0.68
2021-02-27,5,0,Feb,Winter,6.2,39.0,1,sunny,0.74
2021-02-28,6,0,Feb,Winter,7.1,51.0,1,overcast,0.72
2021-03-01,0,0,Mar,Winter,7.2,61.0,0,sunny,0.7
2021-03-02,1,0,Mar,Winter,6.7,45.0,0,sunny,0.62
2021-03-03,2,0,Mar,Winter,5.4,40.0,1,sunny,0.56
2021-03-04,3,0,Mar,Winter,4.4,59.0,1,overcast,0.46
2021-03-05,4,0,Mar,Winter,4.2,41.0,1,overcast,0.54
2021-03-06,5,0,Mar,Winter,4.0,57.0,1,sunny,0.76
2021-03-07,6,0,Mar,Winter,4.6,54.0,0,sunny,0.82
2021-03-08,0,0,Mar,Winter,5.2,44.0,1,sunny,0.57
2021-03-09,1,0,Mar,Winter,5.2,50.0,1,sunny,0.62
2021-03-10,2,0,Mar,Winter,4.7,67.0,1,sunny,0.58
2021-03-11,3,0,Mar,Winter,3.5,52.0,1,sunny,0.52
2021-03-12,4,0,Mar,Winter,2.6,57.0,1,sunny,0.64
2021-03-13,5,0,Mar,Winter,2.7,60.0,1,overcast,0.72
2021-03-14,6,0,Mar,Winter,3.4,37.0,1,sunny,0.68
2021-03-15,0,0,Mar,Winter,4.3,47.0,1,sunny,0.63
2021-03-16,1,0,Mar,Winter,5.5,56.0,1,overcast,0.4
2021-03-17,2,0,Mar,Winter,7.1,44.0,1,overcast,0.59
2021-03-18,3,0,Mar,Winter,7.6,41.0,1,sunny,0.63
2021-03-19,4,0,Mar,Winter,6.9,63.0,1,rainy,0.58
2021-03-20,5,1,Mar,Spring,7.1,43.0,1,sunny,0.78
2021-03-21,6,0,Mar,Spring,7.5,55.0,1,overcast,0.61
2021-03-22,0,0,Mar,Spring,8.7,91.0,1,rainy,0.16
2021-03-23,1,0,Mar,Spring,8.8,62.0,1,rainy,0.55
2021-03-24,2,0,Mar,Spring,8.4,60.0,0,sunny,0.75
2021-03-25,3,0,Mar,Spring,7.5,44.0,0,overcast,0.6
2021-03-26,4,0,Mar,Spring,6.5,34.0,0,sunny,0.7
2021-03-27,5,0,Mar,Spring,6.6,53.0,0,sunny,0.79
2021-03-28,6,0,Mar,Spring,6.5,63.0,0,sunny,0.83
2021-03-29,0,0,Mar,Spring,7.0,54.0,0,overcast,0.62
2021-03-30,1,0,Mar,Spring,7.1,55.0,0,overcast,0.58
2021-03-31,2,0,Mar,Spring,6.5,71.0,1,rainy,0.5
2021-04-01,3,0,Apr,Spring,7.2,57.0,1,overcast,0.57
2021-04-02,4,0,Apr,Spring,9.0,38.0,0,sunny,0.83
2021-04-03,5,0,Apr,Spring,11.6,64.0,0,sunny,0.84
2021-04-04,6,0,Apr,Spring,13.9,52.0,0,sunny,0.83
2021-04-05,0,0,Apr,Spring,13.4,59.0,1,sunny,0.63
2021-04-06,1,0,Apr,Spring,12.1,72.0,1,sunny,0.54
2021-04-07,2,0,Apr,Spring,9.3,50.0,0,sunny,0.7
2021-04-08,3,0,Apr,Spring,5.5,74.0,0,overcast,0.53
2021-04-09,4,0,Apr,Spring,4.6,45.0,0,sunny,0.71
2021-04-10,5,0,Apr,Spring,5.0,42.0,1,sunny,0.73
2021-04-11,6,0,Apr,Spring,7.0,56.0,0,sunny,0.73
2021-04-12,0,0,Apr,Spring,9.2,78.0,1,overcast,0.43
2021-04-13,1,0,Apr,Spring,10.3,60.0,0,rainy,0.59
2021-04-14,2,0,Apr,Spring,10.3,56.0,1,sunny,0.61
2021-04-15,3,0,Apr,Spring,10.6,62.0,0,sunny,0.71
2021-04-16,4,0,Apr,Spring,10.7,76.0,1,overcast,0.62
2021-04-17,5,0,Apr,Spring,10.1,61.0,1,overcast,0.87
2021-04-18,6,0,Apr,Spring,10.5,57.0,0,overcast,0.81
2021-04-19,0,0,Apr,Spring,12.1,63.0,0,sunny,0.71
2021-04-20,1,0,Apr,Spring,13.7,70.0,1,rainy,0.55
2021-04-21,2,0,Apr,Spring,14.8,61.0,0,rainy,0.51
2021-04-22,3,0,Apr,Spring,14.0,48.0,1,sunny,0.66
2021-04-23,4,0,Apr,Spring,12.1,56.0,0,sunny,0.8
2021-04-24,5,0,Apr,Spring,10.8,67.0,1,overcast,0.9
2021-04-25,6,0,Apr,Spring,10.8,66.0,1,rainy,0.69
2021-04-26,0,0,Apr,Spring,12.1,58.0,1,sunny,0.67
2021-04-27,1,0,Apr,Spring,12.7,55.0,0,sunny,0.7
2021-04-28,2,0,Apr,Spring,14.0,64.0,0,sunny,0.64
2021-04-29,3,1,Apr,Spring,14.9,54.0,1,overcast,0.83
2021-04-30,4,0,Apr,Spring,15.7,66.0,0,rainy,0.74
2021-05-01,5,0,May,Spring,17.3,48.0,1,sunny,0.86
2021-05-02,6,0,May,Spring,16.7,67.0,1,sunny,0.75
2021-05-03,0,1,May,Spring,15.2,51.0,0,overcast,0.89
2021-05-04,1,1,May,Spring,14.6,78.0,1,overcast,0.57
2021-05-05,2,1,May,Spring,14.7,57.0,0,sunny,0.9
2021-05-06,3,0,May,Spring,16.5,74.0,0,rainy,0.65
2021-05-07,4,0,May,Spring,17.8,55.0,0,sunny,0.75
2021-05-08,5,0,May,Spring,16.4,69.0,0,sunny,0.85
2021-05-09,6,0,May,Spring,15.4,46.0,1,sunny,0.8
2021-05-10,0,0,May,Spring,14.9,74.0,0,sunny,0.61
2021-05-11,1,0,May,Spring,15.7,75.0,0,overcast,0.49
2021-05-12,2,0,May,Spring,17.3,60.0,0,overcast,0.65
2021-05-13,3,0,May,Spring,18.2,52.0,1,sunny,0.61
2021-05-14,4,0,May,Spring,18.9,61.0,0,overcast,0.77
2021-05-15,5,0,May,Spring,18.9,56.0,0,sunny,0.83
2021-05-16,6,0,May,Spring,19.4,70.0,1,sunny,0.88
2021-05-17,0,0,May,Spring,21.5,52.0,1,overcast,0.56
2021-05-18,1,0,May,Spring,22.7,64.0,1,rainy,0.54
2021-05-19,2,0,May,Spring,22.2,52.0,0,overcast,0.69
2021-05-20,3,0,May,Spring,20.1,70.0,1,overcast,0.55
2021-05-21,4,0,May,Spring,18.3,54.0,0,sunny,0.81
2021-05-22,5,0,May,Spring,18.2,42.0,0,sunny,0.94
2021-05-23,6,0,May,Spring,18.7,79.0,0,overcast,0.56
2021-05-24,0,0,May,Spring,17.2,70.0,0,rainy,0.61
2021-05-25,1,0,May,Spring,15.3,78.0,1,rainy,0.43
2021-05-26,2,0,May,Spring,13.7,57.0,1,sunny,0.69
2021-05-27,3,0,May,Spring,13.5,74.0,1,overcast,0.48
2021-05-28,4,0,May,Spring,13.5,63.0,0,rainy,0.64
2021-05-29,5,0,May,Spring,14.8,54.0,0,overcast,0.85
2021-05-30,6,0,May,Spring,15.9,63.0,1,sunny,0.81
2021-05-31,0,0,May,Spring,17.6,60.0,1,overcast,0.61
2021-06-01,1,0,Jun,Spring,19.6,57.0,0,overcast,0.67
2021-06-02,2,0,Jun,Spring,21.4,78.0,0,sunny,0.53
2021-06-03,3,0,Jun,Spring,22.4,88.0,0,sunny,0.41
2021-06-04,4,0,Jun,Spring,23.1,65.0,0,sunny,0.81
2021-06-05,5,0,Jun,Spring,22.7,88.0,1,overcast,0.43
2021-06-06,6,0,Jun,Spring,21.8,90.0,1,rainy,0.45
2021-06-07,0,0,Jun,Spring,21.8,70.0,0,rainy,0.63
2021-06-08,1,0,Jun,Spring,21.0,86.0,1,rainy,0.22
2021-06-09,2,0,Jun,Spring,22.2,69.0,0,overcast,0.68
2021-06-10,3,0,Jun,Spring,23.7,55.0,0,sunny,0.67
2021-06-11,4,0,Jun,Spring,25.4,71.0,0,sunny,0.82
2021-06-12,5,0,Jun,Spring,25.3,73.0,0,overcast,0.83
2021-06-13,6,0,Jun,Spring,23.2,76.0,1,sunny,0.66
2021-06-14,0,0,Jun,Spring,20.7,72.0,0,rainy,0.62
2021-06-15,1,0,Jun,Spring,17.6,77.0,0,rainy,0.5
2021-06-16,2,0,Jun,Spring,16.5,79.0,0,rainy,0.49
2021-06-17,3,0,Jun,Spring,16.9,77.0,0,rainy,0.59
2021-06-18,4,0,Jun,Spring,17.5,82.0,1,sunny,0.53
2021-06-19,5,0,Jun,Spring,17.9,68.0,0,sunny,0.84
2021-06-20,6,0,Jun,Spring,17.7,65.0,0,rainy,0.71
2021-06-21,0,0,Jun,Summer,19.3,71.0,0,overcast,0.59
2021-06-22,1,0,Jun,Summer,20.3,73.0,0,rainy,0.55
2021-06-23,2,0,Jun,Summer,21.5,85.0,0,overcast,0.41
2021-06-24,3,0,Jun,Summer,20.6,70.0,1,overcast,0.63
2021-06-25,4,0,Jun,Summer,18.9,78.0,0,rainy,0.6
2021-06-26,5,0,Jun,Summer,18.5,49.0,1,sunny,0.82
2021-06-27,6,0,Jun,Summer,18.9,51.0,1,sunny,0.87
2021-06-28,0,0,Jun,Summer,18.1,76.0,0,sunny,0.58
2021-06-29,1,0,Jun,Summer,17.6,73.0,0,rainy,0.68
2021-06-30,2,0,Jun,Summer,17.8,75.0,0,sunny,0.65
2021-07-01,3,0,Jul,Summer,19.0,77.0,0,overcast,0.5
2021-07-02,4,0,Jul,Summer,21.6,67.0,0,overcast,0.7
2021-07-03,5,0,Jul,Summer,23.4,87.0,1,overcast,0.51
2021-07-04,6,0,Jul,Summer,24.1,92.0,0,rainy,0.36
2021-07-05,0,0,Jul,Summer,24.1,88.0,1,rainy,0.28
2021-07-06,1,0,Jul,Summer,23.8,76.0,0,rainy,0.52
2021-07-07,2,0,Jul,Summer,22.1,64.0,1,rainy,0.55
2021-07-08,3,0,Jul,Summer,21.4,83.0,0,rainy,0.35
2021-07-09,4,0,Jul,Summer,20.0,71.0,0,overcast,0.66
2021-07-10,5,0,Jul,Summer,19.4,69.0,0,sunny,0.85
2021-07-11,6,0,Jul,Summer,20.4,84.0,1,sunny,0.6
2021-07-12,0,0,Jul,Summer,21.5,68.0,1,overcast,0.61
2021-07-13,1,0,Jul,Summer,24.2,80.0,0,sunny,0.47
2021-07-14,2,0,Jul,Summer,26.0,68.0,1,rainy,0.56
2021-07-15,3,0,Jul,Summer,25.6,94.0,0,rainy,0.22
2021-07-16,4,0,Jul,Summer,25.3,83.0,0,overcast,0.48
2021-07-17,5,0,Jul,Summer,23.7,50.0,0,sunny,0.88
2021-07-18,6,0,Jul,Summer,22.3,68.0,0,overcast,0.8
2021-07-19,0,0,Jul,Summer,21.3,80.0,0,sunny,0.47
2021-07-20,1,1,Jul,Summer,20.7,78.0,0,rainy,0.65
2021-07-21,2,0,Jul,Summer,21.4,85.0,1,sunny,0.42
2021-07-22,3,0,Jul,Summer,21.9,92.0,0,rainy,0.29
2021-07-23,4,0,Jul,Summer,23.2,67.0,1,rainy,0.7
2021-07-24,5,0,Jul,Summer,23.8,71.0,1,overcast,0.69
2021-07-25,6,0,Jul,Summer,24.6,93.0,1,rainy,0.26
2021-07-26,0,0,Jul,Summer,24.5,73.0,0,overcast,0.63
2021-07-27,1,0,Jul,Summer,24.0,74.0,1,rainy,0.51
2021-07-28,2,0,Jul,Summer,22.9,98.0,0,rainy,0.15
2021-07-29,3,0,Jul,Summer,23.1,87.0,1,overcast,0.51
2021-07-30,4,0,Jul,Summer,24.4,67.0,0,sunny,0.83
2021-07-31,5,0,Jul,Summer,25.5,69.0,0,rainy,0.83
2021-08-01,6,0,Aug,Summer,27.1,75.0,0,sunny,0.81
2021-08-02,0,0,Aug,Summer,26.4,78.0,1,rainy,0.45
2021-08-03,1,0,Aug,Summer,26.1,89.0,0,sunny,0.36
2021-08-04,2,0,Aug,Summer,25.1,90.0,0,rainy,0.29
2021-08-05,3,0,Aug,Summer,24.4,80.0,0,overcast,0.45
2021-08-06,4,0,Aug,Summer,24.0,69.0,1,overcast,0.69
2021-08-07,5,0,Aug,Summer,23.3,73.0,1,sunny,0.75
2021-08-08,6,0,Aug,Summer,23.5,86.0,1,overcast,0.48
2021-08-09,0,0,Aug,Summer,23.9,68.0,1,sunny,0.77
2021-08-10,1,0,Aug,Summer,23.6,72.0,1,rainy,0.43
2021-08-11,2,1,Aug,Summer,21.7,91.0,1,rainy,0.4
2021-08-12,3,0,Aug,Summer,20.8,80.0,0,rainy,0.36
2021-08-13,4,0,Aug,Summer,20.8,92.0,0,rainy,0.3
2021-08-14,5,0,Aug,Summer,22.5,99.0,1,rainy,0.28
2021-08-15,6,0,Aug,Summer,25.6,85.0,1,overcast,0.49
2021-08-16,0,0,Aug,Summer,27.4,82.0,0,sunny,0.44
2021-08-17,1,0,Aug,Summer,27.0,91.0,0,rainy,0.21
2021-08-18,2,0,Aug,Summer,25.7,79.0,1,sunny,0.53
2021-08-19,3,0,Aug,Summer,24.5,76.0,1,rainy,0.43
2021-08-20,4,0,Aug,Summer,24.3,83.0,0,rainy,0.49
2021-08-21,5,0,Aug,Summer,24.8,73.0,1,overcast,0.73
2021-08-22,6,0,Aug,Summer,23.9,54.0,1,sunny,0.77
2021-08-23,0,0,Aug,Summer,22.0,65.0,1,rainy,0.66
2021-08-24,1,0,Aug,Summer,21.7,75.0,0,sunny,0.65
2021-08-25,2,0,Aug,Summer,24.0,75.0,0,overcast,0.47
2021-08-26,3,0,Aug,Summer,26.7,76.0,0,sunny,0.62
2021-08-27,4,0,Aug,Summer,26.4,89.0,0,rainy,0.34
2021-08-28,5,0,Aug,Summer,25.7,83.0,1,rainy,0.54
2021-08-29,6,0,Aug,Summer,24.0,66.0,0,overcast,0.76
2021-08-30,0,0,Aug,Summer,23.9,79.0,1,rainy,0.39
2021-08-31,1,0,Aug,Summer,23.5,77.0,0,overcast,0.56
2021-09-01,2,0,Sep,Summer,23.2,69.0,0,rainy,0.64
2021-09-02,3,0,Sep,Summer,24.1,62.0,1,overcast,0.56
2021-09-03,4,0,Sep,Summer,25.1,41.0,0,sunny,0.78
2021-09-04,5,0,Sep,Summer,24.9,47.0,0,sunny,0.85
2021-09-05,6,0,Sep,Summer,22.6,65.0,1,overcast,0.72
2021-09-06,0,0,Sep,Summer,20.8,60.0,1,overcast,0.69
2021-09-07,1,0,Sep,Summer,20.2,67.0,0,overcast,0.67
2021-09-08,2,0,Sep,Summer,20.2,80.0,0,sunny,0.47
2021-09-09,3,0,Sep,Summer,20.3,60.0,1,sunny,0.71
2021-09-10,4,0,Sep,Summer,20.0,72.0,1,sunny,0.82
2021-09-11,5,0,Sep,Summer,21.7,65.0,0,sunny,0.92
2021-09-12,6,0,Sep,Summer,24.1,72.0,1,overcast,0.64
2021-09-13,0,0,Sep,Summer,24.7,57.0,0,sunny,0.68
2021-09-14,1,0,Sep,Summer,23.0,64.0,0,sunny,0.76
2021-09-15,2,0,Sep,Summer,20.7,85.0,1,sunny,0.36
2021-09-16,3,0,Sep,Summer,18.9,78.0,0,overcast,0.55
2021-09-17,4,0,Sep,Summer,17.5,50.0,0,sunny,0.84
2021-09-18,5,0,Sep,Summer,16.9,85.0,1,rainy,0.42
2021-09-19,6,0,Sep,Summer,16.7,62.0,1,overcast,0.75
2021-09-20,0,1,Sep,Summer,18.9,71.0,1,sunny,0.65
2021-09-21,1,0,Sep,Summer,21.6,67.0,1,overcast,0.55
2021-09-22,2,0,Sep,Summer,23.5,67.0,0,rainy,0.59
2021-09-23,3,1,Sep,Autumn,22.9,74.0,0,overcast,0.69
2021-09-24,4,0,Sep,Autumn,22.0,66.0,1,sunny,0.83
2021-09-25,5,0,Sep,Autumn,21.7,69.0,0,sunny,0.8
2021-09-26,6,0,Sep,Autumn,22.4,58.0,0,sunny,0.83
2021-09-27,0,0,Sep,Autumn,22.7,75.0,1,overcast,0.52
2021-09-28,1,0,Sep,Autumn,21.4,77.0,1,overcast,0.55
2021-09-29,2,0,Sep,Autumn,18.1,73.0,1,rainy,0.43
2021-09-30,3,0,Sep,Autumn,15.0,55.0,1,overcast,0.67
2021-10-01,4,0,Oct,Autumn,14.2,64.0,1,overcast,0.7
2021-10-02,5,0,Oct,Autumn,14.8,48.0,0,sunny,0.82
2021-10-03,6,0,Oct,Autumn,14.9,54.0,0,sunny,0.87
2021-10-04,0,0,Oct,Autumn,15.2,89.0,1,overcast,0.28
2021-10-05,1,0,Oct,Autumn,13.9,64.0,0,sunny,0.67
2021-10-06,2,0,Oct,Autumn,12.8,64.0,0,rainy,0.61
2021-10-07,3,0,Oct,Autumn,12.2,72.0,1,overcast,0.56
2021-10-08,4,0,Oct,Autumn,11.8,80.0,1,overcast,0.53
2021-10-09,5,0,Oct,Autumn,12.7,58.0,1,sunny,0.86
2021-10-10,6,0,Oct,Autumn,12.6,72.0,0,overcast,0.84
2021-10-11,0,1,Oct,Autumn,14.1,74.0,0,overcast,0.69
2021-10-12,1,0,Oct,Autumn,15.8,69.0,0,overcast,0.76
2021-10-13,2,0,Oct,Autumn,17.2,64.0,1,sunny,0.56
2021-10-14,3,0,Oct,Autumn,17.8,73.0,1,overcast,0.56
2021-10-15,4,0,Oct,Autumn,17.6,69.0,0,sunny,0.83
2021-10-16,5,0,Oct,Autumn,17.3,65.0,0,rainy,0.79
2021-10-17,6,0,Oct,Autumn,17.6,64.0,0,rainy,0.72
2021-10-18,0,0,Oct,Autumn,18.7,73.0,1,overcast,0.54
2021-10-19,1,0,Oct,Autumn,18.4,62.0,1,rainy,0.53
2021-10-20,2,0,Oct,Autumn,17.8,57.0,0,overcast,0.62
2021-10-21,3,0,Oct,Autumn,16.9,68.0,0,overcast,0.71
2021-10-22,4,0,Oct,Autumn,16.0,58.0,0,sunny,0.82
2021-10-23,5,0,Oct,Autumn,17.6,64.0,0,overcast,0.79
2021-10-24,6,0,Oct,Autumn,18.9,64.0,0,overcast,0.84
2021-10-25,0,0,Oct,Autumn,19.7,65.0,1,rainy,0.57
2021-10-26,1,0,Oct,Autumn,20.4,73.0,1,sunny,0.64
2021-10-27,2,0,Oct,Autumn,20.1,56.0,0,overcast,0.68
2021-10-28,3,0,Oct,Autumn,18.0,59.0,1,sunny,0.62
2021-10-29,4,0,Oct,Autumn,16.2,45.0,1,sunny,0.72
2021-10-30,5,0,Oct,Autumn,12.8,60.0,0,overcast,0.86
2021-10-31,6,0,Oct,Autumn,11.3,52.0,0,overcast,0.83
2021-11-01,0,0,Nov,Autumn,10.7,60.0,0,overcast,0.65
2021-11-02,1,0,Nov,Autumn,12.1,64.0,1,rainy,0.56
2021-11-03,2,1,Nov,Autumn,13.5,55.0,1,sunny,0.89
2021-11-04,3,0,Nov,Autumn,13.5,51.0,0,sunny,0.68
2021-11-05,4,0,Nov,Autumn,11.7,62.0,1,rainy,0.68
2021-11-06,5,0,Nov,Autumn,9.0,58.0,0,sunny,0.85
2021-11-07,6,0,Nov,Autumn,8.3,52.0,1,overcast,0.71
2021-11-08,0,0,Nov,Autumn,10.4,56.0,1,sunny,0.71
2021-11-09,1,0,Nov,Autumn,12.1,52.0,1,sunny,0.69
2021-11-10,2,0,Nov,Autumn,12.6,54.0,0,overcast,0.69
2021-11-11,3,0,Nov,Autumn,11.0,42.0,1,sunny,0.73
2021-11-12,4,0,Nov,Autumn,9.7,59.0,1,sunny,0.75
2021-11-13,5,0,Nov,Autumn,9.7,54.0,1,sunny,0.85
2021-11-14,6,0,Nov,Autumn,10.7,68.0,1,rainy,0.69
2021-11-15,0,0,Nov,Autumn,11.8,50.0,0,overcast,0.67
2021-11-16,1,0,Nov,Autumn,11.3,48.0,1,sunny,0.65
2021-11-17,2,0,Nov,Autumn,10.4,60.0,1,overcast,0.61
2021-11-18,3,0,Nov,Autumn,8.7,49.0,1,overcast,0.62
2021-11-19,4,0,Nov,Autumn,7.6,68.0,1,overcast,0.62
2021-11-20,5,0,Nov,Autumn,8.6,62.0,1,sunny,0.9
2021-11-21,6,0,Nov,Autumn,10.8,69.0,1,sunny,0.75
2021-11-22,0,0,Nov,Autumn,12.7,65.0,1,rainy,0.49
2021-11-23,1,1,Nov,Autumn,12.4,69.0,1,overcast,0.83
2021-11-24,2,0,Nov,Autumn,11.0,62.0,1,rainy,0.59
2021-11-25,3,0,Nov,Autumn,9.6,59.0,0,overcast,0.69
2021-11-26,4,0,Nov,Autumn,9.9,62.0,1,rainy,0.68
2021-11-27,5,0,Nov,Autumn,10.7,70.0,0,sunny,0.87
2021-11-28,6,0,Nov,Autumn,11.2,43.0,1,sunny,0.75
2021-11-29,0,0,Nov,Autumn,11.4,65.0,1,rainy,0.56
2021-11-30,1,0,Nov,Autumn,10.3,60.0,0,sunny,0.67
2021-12-01,2,0,Dec,Autumn,9.8,66.0,1,sunny,0.7
2021-12-02,3,0,Dec,Autumn,7.8,36.0,1,sunny,0.62
2021-12-03,4,0,Dec,Autumn,6.6,52.0,1,overcast,0.6
2021-12-04,5,0,Dec,Autumn,6.6,52.0,1,sunny,0.75
2021-12-05,6,0,Dec,Autumn,7.6,35.0,0,overcast,0.78
2021-12-06,0,0,Dec,Autumn,8.0,45.0,0,sunny,0.64
2021-12-07,1,0,Dec,Autumn,5.1,49.0,1,sunny,0.53
2021-12-08,2,0,Dec,Autumn,3.2,46.0,1,overcast,0.5
2021-12-09,3,0,Dec,Autumn,2.5,28.0,0,overcast,0.55
2021-12-10,4,0,Dec,Autumn,3.9,60.0,0,overcast,0.62
2021-12-11,5,0,Dec,Autumn,6.4,44.0,1,overcast,0.69
2021-12-12,6,0,Dec,Autumn,8.3,39.0,1,sunny,0.78
2021-12-13,0,0,Dec,Autumn,8.7,39.0,1,sunny,0.56
2021-12-14,1,0,Dec,Autumn,8.5,48.0,0,sunny,0.61
2021-12-15,2,0,Dec,Autumn,7.8,64.0,1,rainy,0.48
2021-12-16,3,0,Dec,Autumn,6.7,50.0,0,overcast,0.6
2021-12-17,4,0,Dec,Autumn,7.1,55.0,1,overcast,0.67
2021-12-18,5,0,Dec,Autumn,6.6,56.0,1,sunny,0.84
2021-12-19,6,0,Dec,Autumn,4.9,57.0,1,overcast,0.7
2021-12-20,0,0,Dec,Autumn,3.3,50.0,0,overcast,0.53
2021-12-21,1,0,Dec,Winter,2.7,68.0,0,sunny,0.57
2021-12-22,2,0,Dec,Winter,3.8,50.0,1,sunny,0.5
2021-12-23,3,0,Dec,Winter,4.5,43.0,1,sunny,0.57
2021-12-24,4,0,Dec,Winter,5.4,50.0,0,sunny,0.71
2021-12-25,5,0,Dec,Winter,5.5,26.0,1,sunny,0.76
2021-12-26,6,0,Dec,Winter,5.1,39.0,1,overcast,0.62
2021-12-27,0,0,Dec,Winter,5.2,50.0,0,sunny,0.64
2021-12-28,1,0,Dec,Winter,4.2,50.0,1,sunny,0.63
2021-12-29,2,0,Dec,Winter,3.1,50.0,1,overcast,0.48
2021-12-30,3,0,Dec,Winter,2.8,50.0,1,overcast,0.51
2021-12-31,4,0,Dec,Winter,3.8,47.0,1,overcast,0.63
2022-01-01,5,1,Jan,Winter,6.0,56.0,0,sunny,0.78
2022-01-02,6,0,Jan,Winter,8.4,59.0,0,sunny,0.83
2022-01-03,0,0,Jan,Winter,8.6,54.0,1,overcast,0.58
2022-01-04,1,0,Jan,Winter,7.5,56.0,0,sunny,0.66
2022-01-05,2,0,Jan,Winter,6.0,60.0,1,rainy,0.45
2022-01-06,3,0,Jan,Winter,3.8,43.0,1,overcast,0.51
2022-01-07,4,0,Jan,Winter,2.2,52.0,0,overcast,0.64
2022-01-08,5,0,Jan,Winter,0.2,45.0,1,snow,0.55
2022-01-09,6,0,Jan,Winter,-0.5,45.0,1,snow,0.49
2022-01-10,0,1,Jan,Winter,-0.4,71.0,1,snow,0.56
2022-01-11,1,0,Jan,Winter,0.4,58.0,1,snow,0.28
2022-01-12,2,0,Jan,Winter,0.6,51.0,0,snow,0.41
2022-01-13,3,0,Jan,Winter,1.3,52.0,0,snow,0.4
2022-01-14,4,0,Jan,Winter,1.6,33.0,1,snow,0.54
2022-01-15,5,0,Jan,Winter,0.2,59.0,1,overcast,0.57
2022-01-16,6,0,Jan,Winter,-0.6,35.0,1,sunny,0.58
2022-01-17,0,0,Jan,Winter,-1.1,70.0,1,snow,0.26
2022-01-18,1,0,Jan,Winter,0.4,50.0,1,snow,0.21
2022-01-19,2,0,Jan,Winter,3.3,44.0,1,sunny,0.51
2022-01-20,3,0,Jan,Winter,4.2,64.0,1,rainy,0.43
2022-01-21,4,0,Jan,Winter,4.1,43.0,1,overcast,0.61
2022-01-22,5,0,Jan,Winter,3.6,43.0,1,overcast,0.68
2022-01-23,6,0,Jan,Winter,3.0,47.0,1,overcast,0.72
2022-01-24,0,0,Jan,Winter,2.3,46.0,1,sunny,0.57
2022-01-25,1,0,Jan,Winter,2.3,52.0,1,overcast,0.44
2022-01-26,2,0,Jan,Winter,1.8,39.0,1,snow,0.29
2022-01-27,3,0,Jan,Winter,1.3,38.0,0,snow,0.41
2022-01-28,4,0,Jan,Winter,0.7,53.0,1,snow,0.35
2022-01-29,5,0,Jan,Winter,0.3,47.0,0,overcast,0.75
2022-01-30,6,0,Jan,Winter,1.1,37.0,0,snow,0.58
2022-01-31,0,0,Jan,Winter,4.1,62.0,0,overcast,0.53
2022-02-01,1,0,Feb,Winter,6.0,56.0,0,sunny,0.55
2022-02-02,2,0,Feb,Winter,6.6,60.0,1,overcast,0.61
2022-02-03,3,0,Feb,Winter,5.4,52.0,1,sunny,0.58
2022-02-04,4,0,Feb,Winter,3.8,51.0,0,overcast,0.7
2022-02-05,5,0,Feb,Winter,3.1,47.0,1,sunny,0.63
2022-02-06,6,0,Feb,Winter,3.2,37.0,1,overcast,0.6
2022-02-07,0,0,Feb,Winter,4.1,28.0,0,sunny,0.6
2022-02-08,1,0,Feb,Winter,4.7,52.0,1,overcast,0.51
2022-02-09,2,0,Feb,Winter,4.9,19.0,1,overcast,0.49
2022-02-10,3,0,Feb,Winter,5.6,52.0,0,overcast,0.62
2022-02-11,4,1,Feb,Winter,5.1,37.0,0,overcast,0.69
2022-02-12,5,0,Feb,Winter,4.8,41.0,1,sunny,0.73
2022-02-13,6,0,Feb,Winter,4.2,50.0,1,overcast,0.66
2022-02-14,0,0,Feb,Winter,3.7,68.0,1,rainy,0.47
2022-02-15,1,0,Feb,Winter,4.2,58.0,0,sunny,0.64
2022-02-16,2,0,Feb,Winter,4.5,52.0,1,overcast,0.45
2022-02-17,3,0,Feb,Winter,3.8,36.0,0,sunny,0.53
2022-02-18,4,0,Feb,Winter,3.5,50.0,1,overcast,0.65
2022-02-19,5,0,Feb,Winter,3.1,51.0,1,overcast,0.67
2022-02-20,6,0,Feb,Winter,3.7,62.0,1,rainy,0.56
2022-02-21,0,0,Feb,Winter,4.6,57.0,0,overcast,0.63
2022-02-22,1,0,Feb,Winter,4.4,53.0,1,sunny,0.56
2022-02-23,2,1,Feb,Winter,3.8,61.0,1,rainy,0.68
2022-02-24,3,0,Feb,Winter,1.9,37.0,0,snow,0.4
2022-02-25,4,0,Feb,Winter,0.5,33.0,0,overcast,0.69
2022-02-26,5,0,Feb,Winter,0.1,63.0,1,sunny,0.74
2022-02-27,6,0,Feb,Winter,1.1,34.0,0,snow,0.51
2022-02-28,0,0,Feb,Winter,2.7,40.0,1,overcast,0.52
2022-03-01,1,0,Mar,Winter,3.9,75.0,0,sunny,0.54
2022-03-02,2,0,Mar,Winter,4.3,64.0,1,overcast,0.57
2022-03-03,3,0,Mar,Winter,6.2,36.0,1,sunny,0.55
2022-03-04,4,0,Mar,Winter,6.8,60.0,1,overcast,0.68
2022-03-05,5,0,Mar,Winter,7.4,61.0,1,rainy,0.73
2022-03-06,6,0,Mar,Winter,6.2,56.0,1,overcast,0.6
2022-03-07,0,0,Mar,Winter,4.4,50.0,1,sunny,0.5
2022-03-08,1,0,Mar,Winter,4.9,43.0,0,sunny,0.51
2022-03-09,2,0,Mar,Winter,5.9,66.0,0,overcast,0.57
2022-03-10,3,0,Mar,Winter,5.5,60.0,0,rainy,0.57
2022-03-11,4,0,Mar,Winter,4.7,50.0,0,overcast,0.73
2022-03-12,5,0,Mar,Winter,3.7,58.0,1,overcast,0.67
2022-03-13,6,0,Mar,Winter,5.4,56.0,1,overcast,0.75
2022-03-14,0,0,Mar,Winter,7.6,52.0,1,overcast,0.49
2022-03-15,1,0,Mar,Winter,9.1,48.0,1,overcast,0.5
2022-03-16,2,0,Mar,Winter,8.7,56.0,1,sunny,0.63
2022-03-17,3,0,Mar,Winter,8.1,46.0,1,sunny,0.65
2022-03-18,4,0,Mar,Winter,7.0,49.0,1,sunny,0.7
2022-03-19,5,0,Mar,Winter,7.0,46.0,1,sunny,0.67
2022-03-20,6,0,Mar,Spring,7.2,47.0,1,overcast,0.7
2022-03-21,0,1,Mar,Spring,8.9,55.0,1,overcast,0.69
2022-03-22,1,0,Mar,Spring,10.1,40.0,0,sunny,0.73
2022-03-23,2,0,Mar,Spring,10.8,57.0,0,sunny,0.72
2022-03-24,3,0,Mar,Spring,9.5,69.0,1,overcast,0.56
2022-03-25,4,0,Mar,Spring,7.7,39.0,1,overcast,0.64
2022-03-26,5,0,Mar,Spring,6.5,52.0,0,sunny,0.76
2022-03-27,6,0,Mar,Spring,7.2,69.0,1,sunny,0.75
2022-03-28,0,0,Mar,Spring,7.5,64.0,1,overcast,0.61
2022-03-29,1,0,Mar,Spring,7.1,69.0,0,overcast,0.55
2022-03-30,2,0,Mar,Spring,6.8,45.0,0,sunny,0.67
2022-03-31,3,0,Mar,Spring,7.0,45.0,0,overcast,0.59
2022-04-01,4,0,Apr,Spring,8.8,62.0,1,overcast,0.64
2022-04-02,5,0,Apr,Spring,10.7,63.0,1,rainy,0.72
2022-04-03,6,0,Apr,Spring,12.5,43.0,1,overcast,0.7
2022-04-04,0,0,Apr,Spring,13.1,59.0,0,overcast,0.62
2022-04-05,1,0,Apr,Spring,13.6,48.0,1,sunny,0.59
2022-04-06,2,0,Apr,Spring,12.1,46.0,0,overcast,0.75
2022-04-07,3,0,Apr,Spring,10.2,56.0,0,sunny,0.71
2022-04-08,4,0,Apr,Spring,9.7,67.0,1,rainy,0.61
2022-04-09,5,0,Apr,Spring,10.5,41.0,0,sunny,0.88
2022-04-10,6,0,Apr,Spring,11.1,56.0,1,sunny,0.79
2022-04-11,0,0,Apr,Spring,11.3,57.0,1,sunny,0.64
2022-04-12,1,0,Apr,Spring,9.4,53.0,1,overcast,0.62
2022-04-13,2,0,Apr,Spring,6.9,46.0,0,overcast,0.64
2022-04-14,3,0,Apr,Spring,7.1,60.0,0,overcast,0.59
2022-04-15,4,0,Apr,Spring,8.0,44.0,1,sunny,0.69
2022-04-16,5,0,Apr,Spring,9.7,63.0,1,rainy,0.71
2022-04-17,6,0,Apr,Spring,11.6,60.0,1,rainy,0.59
2022-04-18,0,0,Apr,Spring,12.2,54.0,0,sunny,0.63
2022-04-19,1,0,Apr,Spring,12.1,61.0,0,rainy,0.67
2022-04-20,2,0,Apr,Spring,12.1,47.0,0,sunny,0.78
2022-04-21,3,0,Apr,Spring,13.4,68.0,1,overcast,0.6
2022-04-22,4,0,Apr,Spring,14.6,60.0,0,overcast,0.78
2022-04-23,5,0,Apr,Spring,14.9,52.0,1,sunny,0.84
2022-04-24,6,0,Apr,Spring,14.1,42.0,0,sunny,1.0
2022-04-25,0,0,Apr,Spring,11.4,45.0,0,sunny,0.76
2022-04-26,1,0,Apr,Spring,9.0,60.0,1,overcast,0.58
2022-04-27,2,0,Apr,Spring,8.6,49.0,1,overcast,0.53
2022-04-28,3,0,Apr,Spring,9.0,54.0,1,overcast,0.52
2022-04-29,4,1,Apr,Spring,10.5,42.0,1,sunny,0.83
2022-04-30,5,0,Apr,Spring,12.6,70.0,0,sunny,0.84
2022-05-01,6,0,May,Spring,13.6,56.0,0,sunny,0.78
2022-05-02,0,0,May,Spring,15.0,57.0,1,sunny,0.62
2022-05-03,1,1,May,Spring,16.8,53.0,1,sunny,0.77
2022-05-04,2,1,May,Spring,17.7,72.0,0,rainy,0.82
2022-05-05,3,1,May,Spring,17.7,83.0,0,overcast,0.64
2022-05-06,4,0,May,Spring,17.7,58.0,0,sunny,0.8
2022-05-07,5,0,May,Spring,17.1,57.0,1,overcast,0.85
2022-05-08,6,0,May,Spring,17.2,34.0,0,sunny,0.85
2022-05-09,0,0,May,Spring,15.4,52.0,0,sunny,0.66
2022-05-10,1,0,May,Spring,14.2,62.0,0,rainy,0.68
2022-05-11,2,0,May,Spring,13.6,60.0,0,overcast,0.68
2022-05-12,3,0,May,Spring,13.6,58.0,0,sunny,0.66
2022-05-13,4,0,May,Spring,14.5,60.0,0,overcast,0.74
2022-05-14,5,0,May,Spring,13.9,77.0,0,sunny,0.71
2022-05-15,6,0,May,Spring,13.4,37.0,1,sunny,0.73
2022-05-16,0,0,May,Spring,12.5,70.0,1,overcast,0.65
2022-05-17,1,0,May,Spring,13.9,56.0,1,sunny,0.75
2022-05-18,2,0,May,Spring,15.2,54.0,1,sunny,0.58
2022-05-19,3,0,May,Spring,16.9,68.0,1,overcast,0.64
2022-05-20,4,0,May,Spring,17.7,52.0,0,sunny,0.77
2022-05-21,5,0,May,Spring,16.4,77.0,1,sunny,0.68
2022-05-22,6,0,May,Spring,16.1,62.0,0,rainy,0.72
2022-05-23,0,0,May,Spring,16.5,73.0,0,overcast,0.56
2022-05-24,1,0,May,Spring,17.3,53.0,1,sunny,0.65
2022-05-25,2,0,May,Spring,19.1,56.0,0,overcast,0.61
2022-05-26,3,0,May,Spring,19.4,67.0,0,sunny,0.73
2022-05-27,4,0,May,Spring,19.1,73.0,0,sunny,0.74
2022-05-28,5,0,May,Spring,18.5,57.0,1,sunny,0.81
2022-05-29,6,0,May,Spring,18.0,72.0,0,rainy,0.67
2022-05-30,0,0,May,Spring,19.6,69.0,1,sunny,0.62
2022-05-31,1,0,May,Spring,21.1,78.0,1,rainy,0.45
2022-06-01,2,0,Jun,Spring,22.1,83.0,0,overcast,0.45
2022-06-02,3,0,Jun,Spring,21.6,70.0,0,sunny,0.66
2022-06-03,4,0,Jun,Spring,20.9,53.0,0,overcast,0.75
2022-06-04,5,0,Jun,Spring,19.6,74.0,0,sunny,0.84
2022-06-05,6,0,Jun,Spring,18.9,70.0,1,overcast,0.67
2022-06-06,0,0,Jun,Spring,19.2,82.0,1,sunny,0.47
2022-06-07,1,0,Jun,Spring,20.4,75.0,1,overcast,0.48
2022-06-08,2,0,Jun,Spring,22.3,71.0,1,sunny,0.66
2022-06-09,3,0,Jun,Spring,23.4,84.0,0,overcast,0.38
2022-06-10,4,0,Jun,Spring,22.9,73.0,1,sunny,0.61
2022-06-11,5,0,Jun,Spring,22.0,66.0,1,sunny,0.74
2022-06-12,6,0,Jun,Spring,21.1,58.0,1,overcast,0.75
2022-06-13,0,0,Jun,Spring,20.3,90.0,0,rainy,0.27
2022-06-14,1,0,Jun,Spring,20.1,73.0,0,sunny,0.6
2022-06-15,2,0,Jun,Spring,19.4,76.0,1,sunny,0.58
2022-06-16,3,0,Jun,Spring,19.7,77.0,0,overcast,0.46
2022-06-17,4,0,Jun,Spring,19.5,64.0,1,sunny,0.75
2022-06-18,5,0,Jun,Spring,19.0,58.0,1,sunny,0.76
2022-06-19,6,0,Jun,Spring,19.0,77.0,0,rainy,0.6
2022-06-20,0,0,Jun,Spring,17.8,87.0,0,sunny,0.41
2022-06-21,1,0,Jun,Summer,17.5,79.0,1,sunny,0.45
2022-06-22,2,0,Jun,Summer,17.8,61.0,0,rainy,0.58
2022-06-23,3,0,Jun,Summer,18.1,69.0,1,overcast,0.66
2022-06-24,4,0,Jun,Summer,20.1,52.0,1,sunny,0.72
2022-06-25,5,0,Jun,Summer,21.0,82.0,0,overcast,0.66
2022-06-26,6,0,Jun,Summer,20.7,65.0,0,sunny,0.79
2022-06-27,0,0,Jun,Summer,20.7,85.0,1,overcast,0.37
2022-06-28,1,0,Jun,Summer,20.0,64.0,0,sunny,0.77
2022-06-29,2,0,Jun,Summer,22.6,74.0,0,overcast,0.46
2022-06-30,3,0,Jun,Summer,24.9,91.0,1,rainy,0.16
2022-07-01,4,0,Jul,Summer,25.9,83.0,0,overcast,0.55
2022-07-02,5,0,Jul,Summer,25.5,91.0,0,rainy,0.4
2022-07-03,6,0,Jul,Summer,24.1,73.0,1,rainy,0.67
2022-07-04,0,0,Jul,Summer,22.4,84.0,0,overcast,0.38
2022-07-05,1,0,Jul,Summer,22.2,76.0,0,rainy,0.5
2022-07-06,2,0,Jul,Summer,22.7,76.0,0,overcast,0.54
2022-07-07,3,0,Jul,Summer,24.3,84.0,1,sunny,0.48
2022-07-08,4,0,Jul,Summer,27.0,83.0,0,rainy,0.49
2022-07-09,5,0,Jul,Summer,28.5,83.0,0,sunny,0.67
2022-07-10,6,0,Jul,Summer,29.5,74.0,0,sunny,0.75
2022-07-11,0,0,Jul,Summer,28.0,93.0,0,rainy,0.18
2022-07-12,1,0,Jul,Summer,27.1,66.0,0,rainy,0.58
2022-07-13,2,0,Jul,Summer,25.9,60.0,0,sunny,0.72
2022-07-14,3,0,Jul,Summer,25.3,76.0,1,sunny,0.54
2022-07-15,4,0,Jul,Summer,24.5,72.0,0,sunny,0.78
2022-07-16,5,0,Jul,Summer,23.8,77.0,0,overcast,0.81
2022-07-17,6,0,Jul,Summer,23.2,95.0,0,rainy,0.36
2022-07-18,0,1,Jul,Summer,23.3,85.0,0,rainy,0.5
2022-07-19,1,0,Jul,Summer,23.8,81.0,1,sunny,0.52
2022-07-20,2,0,Jul,Summer,23.4,79.0,0,rainy,0.43
2022-07-21,3,0,Jul,Summer,24.3,75.0,0,overcast,0.48
2022-07-22,4,0,Jul,Summer,24.8,75.0,0,sunny,0.66
2022-07-23,5,0,Jul,Summer,23.6,69.0,0,sunny,0.78
2022-07-24,6,0,Jul,Summer,21.7,77.0,0,overcast,0.66
2022-07-25,0,0,Jul,Summer,20.2,86.0,0,sunny,0.43
2022-07-26,1,0,Jul,Summer,18.4,78.0,1,rainy,0.5
2022-07-27,2,0,Jul,Summer,18.9,72.0,1,overcast,0.58
2022-07-28,3,0,Jul,Summer,19.7,83.0,1,overcast,0.38
2022-07-29,4,0,Jul,Summer,20.2,77.0,1,sunny,0.67
2022-07-30,5,0,Jul,Summer,21.7,74.0,0,sunny,0.7
2022-07-31,6,0,Jul,Summer,23.4,69.0,1,rainy,0.71
2022-08-01,0,0,Aug,Summer,25.1,99.0,0,rainy,0.14
2022-08-02,1,0,Aug,Summer,26.4,84.0,0,sunny,0.39
2022-08-03,2,0,Aug,Summer,25.1,96.0,0,rainy,0.21
2022-08-04,3,0,Aug,Summer,24.1,48.0,0,overcast,0.68
2022-08-05,4,0,Aug,Summer,24.7,98.0,0,rainy,0.2
2022-08-06,5,0,Aug,Summer,26.5,98.0,0,rainy,0.32
2022-08-07,6,0,Aug,Summer,27.6,78.0,0,rainy,0.72
2022-08-08,0,0,Aug,Summer,28.2,70.0,0,rainy,0.61
2022-08-09,1,0,Aug,Summer,27.1,70.0,0,overcast,0.66
2022-08-10,2,0,Aug,Summer,26.7,75.0,1,sunny,0.54
2022-08-11,3,1,Aug,Summer,25.9,83.0,0,sunny,0.61
2022-08-12,4,0,Aug,Summer,24.3,77.0,0,overcast,0.67
2022-08-13,5,0,Aug,Summer,23.1,77.0,1,sunny,0.66
2022-08-14,6,0,Aug,Summer,22.4,89.0,1,rainy,0.38
2022-08-15,0,0,Aug,Summer,24.7,80.0,1,sunny,0.46
2022-08-16,1,0,Aug,Summer,26.5,88.0,1,rainy,0.27
2022-08-17,2,0,Aug,Summer,28.6,76.0,0,rainy,0.52
2022-08-18,3,0,Aug,Summer,28.4,69.0,1,rainy,0.62
2022-08-19,4,0,Aug,Summer,27.0,73.0,1,overcast,0.62
2022-08-20,5,0,Aug,Summer,26.9,73.0,0,sunny,0.81
2022-08-21,6,0,Aug,Summer,27.4,85.0,0,overcast,0.49
2022-08-22,0,0,Aug,Summer,27.3,67.0,0,overcast,0.63
2022-08-23,1,0,Aug,Summer,27.7,80.0,0,rainy,0.45
2022-08-24,2,0,Aug,Summer,27.1,82.0,1,sunny,0.48
2022-08-25,3,0,Aug,Summer,26.2,92.0,0,rainy,0.19
2022-08-26,4,0,Aug,Summer,26.3,87.0,0,overcast,0.5
2022-08-27,5,0,Aug,Summer,25.7,75.0,0,sunny,0.85
2022-08-28,6,0,Aug,Summer,24.9,81.0,0,overcast,0.63
2022-08-29,0,0,Aug,Summer,24.7,83.0,1,sunny,0.52
2022-08-30,1,0,Aug,Summer,23.5,91.0,1,rainy,0.15
2022-08-31,2,0,Aug,Summer,21.7,58.0,1,sunny,0.59
2022-09-01,3,0,Sep,Summer,21.1,61.0,0,rainy,0.53
2022-09-02,4,0,Sep,Summer,20.4,77.0,0,sunny,0.75
2022-09-03,5,0,Sep,Summer,21.2,73.0,0,sunny,0.85
2022-09-04,6,0,Sep,Summer,22.3,63.0,0,sunny,0.85
2022-09-05,0,0,Sep,Summer,21.6,64.0,1,sunny,0.67
2022-09-06,1,0,Sep,Summer,22.1,80.0,1,rainy,0.33
2022-09-07,2,0,Sep,Summer,21.8,67.0,1,rainy,0.67
2022-09-08,3,0,Sep,Summer,21.5,60.0,0,rainy,0.62
2022-09-09,4,0,Sep,Summer,21.3,70.0,0,sunny,0.8
2022-09-10,5,0,Sep,Summer,21.3,73.0,1,sunny,0.81
2022-09-11,6,0,Sep,Summer,21.6,54.0,1,overcast,0.77
2022-09-12,0,0,Sep,Summer,22.9,69.0,0,sunny,0.71
2022-09-13,1,0,Sep,Summer,23.4,69.0,1,rainy,0.51
2022-09-14,2,0,Sep,Summer,23.4,74.0,1,sunny,0.61
2022-09-15,3,0,Sep,Summer,22.9,65.0,1,rainy,0.66
2022-09-16,4,0,Sep,Summer,22.9,69.0,0,rainy,0.77
2022-09-17,5,0,Sep,Summer,22.3,66.0,1,sunny,0.9
2022-09-18,6,0,Sep,Summer,22.1,67.0,0,sunny,0.82
2022-09-19,0,1,Sep,Summer,21.6,67.0,1,sunny,0.78
2022-09-20,1,0,Sep,Summer,21.7,72.0,1,rainy,0.51
2022-09-21,2,0,Sep,Summer,23.0,65.0,1,sunny,0.65
2022-09-22,3,0,Sep,Summer,23.2,62.0,0,overcast,0.72
2022-09-23,4,1,Sep,Autumn,21.0,86.0,0,rainy,0.42
2022-09-24,5,0,Sep,Autumn,19.3,65.0,1,sunny,0.9
2022-09-25,6,0,Sep,Autumn,18.7,57.0,1,sunny,0.79
2022-09-26,0,0,Sep,Autumn,19.7,76.0,1,sunny,0.53
2022-09-27,1,0,Sep,Autumn,21.4,66.0,1,overcast,0.55
2022-09-28,2,0,Sep,Autumn,21.9,63.0,1,overcast,0.52
2022-09-29,3,0,Sep,Autumn,22.0,79.0,0,overcast,0.55
2022-09-30,4,0,Sep,Autumn,21.7,79.0,0,rainy,0.55
2022-10-01,5,0,Oct,Autumn,20.5,68.0,1,rainy,0.66
2022-10-02,6,0,Oct,Autumn,18.8,89.0,0,rainy,0.36
2022-10-03,0,0,Oct,Autumn,18.7,44.0,1,sunny,0.63
2022-10-04,1,0,Oct,Autumn,18.6,65.0,0,overcast,0.73
2022-10-05,2,0,Oct,Autumn,17.7,76.0,1,rainy,0.44
2022-10-06,3,0,Oct,Autumn,17.0,70.0,1,sunny,0.59
2022-10-07,4,0,Oct,Autumn,15.7,54.0,0,sunny,0.79
2022-10-08,5,0,Oct,Autumn,15.9,64.0,1,overcast,0.76
2022-10-09,6,0,Oct,Autumn,16.0,79.0,1,overcast,0.46
2022-10-10,0,1,Oct,Autumn,15.2,61.0,0,rainy,0.77
2022-10-11,1,0,Oct,Autumn,14.0,62.0,0,sunny,0.69
2022-10-12,2,0,Oct,Autumn,13.0,42.0,0,sunny,0.73
2022-10-13,3,0,Oct,Autumn,13.0,70.0,0,sunny,0.8
2022-10-14,4,0,Oct,Autumn,13.6,63.0,0,rainy,0.76
2022-10-15,5,0,Oct,Autumn,15.1,55.0,1,overcast,0.76
2022-10-16,6,0,Oct,Autumn,15.5,90.0,0,rainy,0.35
2022-10-17,0,0,Oct,Autumn,15.4,69.0,0,rainy,0.73
2022-10-18,1,0,Oct,Autumn,15.5,65.0,0,rainy,0.61
2022-10-19,2,0,Oct,Autumn,14.6,63.0,0,overcast,0.65
2022-10-20,3,0,Oct,Autumn,14.5,56.0,0,sunny,0.71
2022-10-21,4,0,Oct,Autumn,14.6,47.0,1,sunny,0.76
2022-10-22,5,0,Oct,Autumn,14.4,78.0,0,sunny,0.73
2022-10-23,6,0,Oct,Autumn,15.5,64.0,0,sunny,0.82
2022-10-24,0,0,Oct,Autumn,15.1,56.0,1,sunny,0.62
2022-10-25,1,0,Oct,Autumn,14.4,54.0,0,sunny,0.7
2022-10-26,2,0,Oct,Autumn,14.6,59.0,0,overcast,0.62
2022-10-27,3,0,Oct,Autumn,14.7,63.0,0,overcast,0.63
2022-10-28,4,0,Oct,Autumn,14.9,61.0,1,sunny,0.76
2022-10-29,5,0,Oct,Autumn,15.1,77.0,1,sunny,0.69
2022-10-30,6,0,Oct,Autumn,14.0,70.0,1,overcast,0.82
2022-10-31,0,0,Oct,Autumn,13.1,66.0,1,rainy,0.42
2022-11-01,1,0,Nov,Autumn,12.3,50.0,0,overcast,0.71
2022-11-02,2,0,Nov,Autumn,12.4,55.0,0,sunny,0.76
2022-11-03,3,1,Nov,Autumn,12.8,53.0,0,sunny,0.77
2022-11-04,4,0,Nov,Autumn,13.2,47.0,0,sunny,0.78
2022-11-05,5,0,Nov,Autumn,11.8,70.0,1,rainy,0.71
2022-11-06,6,0,Nov,Autumn,10.1,75.0,1,rainy,0.55
2022-11-07,0,0,Nov,Autumn,9.3,47.0,1,overcast,0.55
2022-11-08,1,0,Nov,Autumn,9.5,55.0,1,overcast,0.54
2022-11-09,2,0,Nov,Autumn,10.2,51.0,1,sunny,0.74
2022-11-10,3,0,Nov,Autumn,9.1,41.0,1,overcast,0.65
2022-11-11,4,0,Nov,Autumn,7.9,72.0,0,rainy,0.69
2022-11-12,5,0,Nov,Autumn,7.3,55.0,1,sunny,0.81
2022-11-13,6,0,Nov,Autumn,8.8,53.0,0,overcast,0.72
2022-11-14,0,0,Nov,Autumn,10.8,71.0,0,rainy,0.56
2022-11-15,1,0,Nov,Autumn,13.6,50.0,0,sunny,0.72
2022-11-16,2,0,Nov,Autumn,14.6,74.0,0,sunny,0.57
2022-11-17,3,0,Nov,Autumn,13.7,53.0,0,sunny,0.75
2022-11-18,4,0,Nov,Autumn,12.7,57.0,1,sunny,0.74
2022-11-19,5,0,Nov,Autumn,10.2,62.0,0,rainy,0.76
2022-11-20,6,0,Nov,Autumn,8.6,54.0,0,overcast,0.81
2022-11-21,0,0,Nov,Autumn,8.0,54.0,1,sunny,0.64
2022-11-22,1,0,Nov,Autumn,6.4,54.0,1,sunny,0.57
2022-11-23,2,1,Nov,Autumn,5.8,43.0,0,sunny,0.86
2022-11-24,3,0,Nov,Autumn,4.4,59.0,1,sunny,0.51
2022-11-25,4,0,Nov,Autumn,3.7,60.0,1,rainy,0.57
2022-11-26,5,0,Nov,Autumn,3.4,52.0,0,sunny,0.79
2022-11-27,6,0,Nov,Autumn,3.2,49.0,1,overcast,0.62
2022-11-28,0,0,Nov,Autumn,3.8,65.0,1,rainy,0.46
2022-11-29,1,0,Nov,Autumn,3.6,46.0,1,sunny,0.48
2022-11-30,2,0,Nov,Autumn,3.8,55.0,1,sunny,0.59
2022-12-01,3,0,Dec,Autumn,3.1,59.0,1,sunny,0.54
2022-12-02,4,0,Dec,Autumn,3.6,55.0,1,overcast,0.56
2022-12-03,5,0,Dec,Autumn,4.3,44.0,1,sunny,0.78
2022-12-04,6,0,Dec,Autumn,5.1,55.0,1,overcast,0.63
2022-12-05,0,0,Dec,Autumn,6.0,53.0,1,sunny,0.51
2022-12-06,1,0,Dec,Autumn,6.4,46.0,1,overcast,0.46
2022-12-07,2,0,Dec,Autumn,6.4,38.0,1,overcast,0.57
2022-12-08,3,0,Dec,Autumn,4.8,49.0,1,overcast,0.46
2022-12-09,4,0,Dec,Autumn,3.3,42.0,0,overcast,0.72
2022-12-10,5,0,Dec,Autumn,2.6,64.0,1,sunny,0.59
2022-12-11,6,0,Dec,Autumn,3.7,47.0,1,sunny,0.77
2022-12-12,0,0,Dec,Autumn,5.3,53.0,1,overcast,0.53
2022-12-13,1,0,Dec,Autumn,6.3,65.0,1,overcast,0.53
2022-12-14,2,0,Dec,Autumn,7.5,48.0,1,overcast,0.53
2022-12-15,3,0,Dec,Autumn,8.8,48.0,1,sunny,0.66
2022-12-16,4,0,Dec,Autumn,10.1,21.0,1,overcast,0.7
2022-12-17,5,0,Dec,Autumn,9.9,48.0,1,overcast,0.83
2022-12-18,6,0,Dec,Autumn,10.1,54.0,0,sunny,0.85
2022-12-19,0,0,Dec,Autumn,9.5,45.0,0,sunny,0.7
2022-12-20,1,0,Dec,Autumn,9.4,55.0,0,sunny,0.67
2022-12-21,2,0,Dec,Winter,9.4,57.0,0,sunny,0.69
2022-12-22,3,0,Dec,Winter,8.5,58.0,1,overcast,0.6
2022-12-23,4,0,Dec,Winter,6.9,54.0,1,overcast,0.56
2022-12-24,5,0,Dec,Winter,4.4,41.0,0,sunny,0.71
2022-12-25,6,0,Dec,Winter,2.8,34.0,0,sunny,0.76
2022-12-26,0,0,Dec,Winter,2.5,47.0,1,overcast,0.48
2022-12-27,1,0,Dec,Winter,3.7,56.0,0,sunny,0.58
2022-12-28,2,0,Dec,Winter,4.4,42.0,1,sunny,0.56
2022-12-29,3,0,Dec,Winter,4.1,51.0,0,sunny,0.63
2022-12-30,4,0,Dec,Winter,4.8,42.0,0,overcast,0.63
2022-12-31,5,0,Dec,Winter,4.7,44.0,1,overcast,0.64
2023-01-01,6,1,Jan,Winter,4.2,48.0,0,overcast,0.73
2023-01-02,0,1,Jan,Winter,2.7,49.0,1,overcast,0.6
2023-01-03,1,0,Jan,Winter,-0.1,53.0,0,snow,0.37
2023-01-04,2,0,Jan,Winter,-1.1,53.0,1,snow,0.2
2023-01-05,3,0,Jan,Winter,-0.5,52.0,1,sunny,0.53
2023-01-06,4,0,Jan,Winter,0.6,52.0,1,overcast,0.56
2023-01-07,5,0,Jan,Winter,2.6,40.0,1,overcast,0.66
2023-01-08,6,0,Jan,Winter,3.3,64.0,1,overcast,0.68
2023-01-09,0,1,Jan,Winter,1.7,45.0,0,snow,0.64
2023-01-10,1,0,Jan,Winter,0.2,50.0,0,snow,0.41
2023-01-11,2,0,Jan,Winter,-0.9,52.0,1,snow,0.2
2023-01-12,3,0,Jan,Winter,-0.7,50.0,0,snow,0.29
2023-01-13,4,0,Jan,Winter,-0.8,52.0,1,snow,0.36
2023-01-14,5,0,Jan,Winter,-0.6,61.0,0,sunny,0.69
2023-01-15,6,0,Jan,Winter,1.3,42.0,1,snow,0.5
2023-01-16,0,0,Jan,Winter,3.0,43.0,1,sunny,0.5
2023-01-17,1,0,Jan,Winter,5.1,49.0,0,overcast,0.58
2023-01-18,2,0,Jan,Winter,6.1,70.0,0,sunny,0.6
2023-01-19,3,0,Jan,Winter,5.5,59.0,0,sunny,0.61
2023-01-20,4,0,Jan,Winter,5.2,42.0,1,overcast,0.55
2023-01-21,5,0,Jan,Winter,4.2,52.0,0,sunny,0.73
2023-01-22,6,0,Jan,Winter,2.7,47.0,1,sunny,0.61
2023-01-23,0,0,Jan,Winter,1.6,45.0,1,overcast,0.41
2023-01-24,1,0,Jan,Winter,1.7,50.0,1,sunny,0.56
2023-01-25,2,0,Jan,Winter,2.6,38.0,0,sunny,0.53
2023-01-26,3,0,Jan,Winter,3.7,47.0,1,overcast,0.64
2023-01-27,4,0,Jan,Winter,3.5,39.0,1,overcast,0.61
2023-01-28,5,0,Jan,Winter,1.7,54.0,1,sunny,0.69
2023-01-29,6,0,Jan,Winter,0.4,58.0,0,snow,0.47
2023-01-30,0,0,Jan,Winter,-0.1,58.0,0,snow,0.39
2023-01-31,1,0,Jan,Winter,1.0,66.0,1,snow,0.3
2023-02-01,2,0,Feb,Winter,0.9,46.0,0,snow,0.38
2023-02-02,3,0,Feb,Winter,0.3,46.0,0,snow,0.5
2023-02-03,4,0,Feb,Winter,1.0,49.0,1,sunny,0.59
2023-02-04,5,0,Feb,Winter,2.0,38.0,1,snow,0.57
2023-02-05,6,0,Feb,Winter,4.5,23.0,1,overcast,0.62
2023-02-06,0,0,Feb,Winter,6.9,45.0,1,overcast,0.55
2023-02-07,1,0,Feb,Winter,7.1,50.0,0,sunny,0.74
2023-02-08,2,0,Feb,Winter,6.5,55.0,1,overcast,0.51
2023-02-09,3,0,Feb,Winter,5.5,49.0,0,overcast,0.68
2023-02-10,4,0,Feb,Winter,5.0,63.0,0,overcast,0.7
2023-02-11,5,1,Feb,Winter,4.8,34.0,1,overcast,0.66
2023-02-12,6,0,Feb,Winter,3.8,50.0,1,overcast,0.67
2023-02-13,0,0,Feb,Winter,2.6,38.0,0,sunny,0.62
2023-02-14,1,0,Feb,Winter,1.3,31.0,1,snow,0.36
2023-02-15,2,0,Feb,Winter,1.7,47.0,1,snow,0.26
2023-02-16,3,0,Feb,Winter,2.1,50.0,1,overcast,0.44
2023-02-17,4,0,Feb,Winter,2.6,41.0,0,sunny,0.66
2023-02-18,5,0,Feb,Winter,3.5,44.0,1,sunny,0.71
2023-02-19,6,0,Feb,Winter,3.6,62.0,0,overcast,0.72
2023-02-20,0,0,Feb,Winter,3.1,59.0,0,sunny,0.59
2023-02-21,1,0,Feb,Winter,2.8,56.0,0,sunny,0.51
2023-02-22,2,0,Feb,Winter,2.1,52.0,1,overcast,0.48
2023-02-23,3,1,Feb,Winter,2.2,54.0,0,sunny,0.77
2023-02-24,4,0,Feb,Winter,3.5,68.0,0,sunny,0.71
2023-02-25,5,0,Feb,Winter,5.2,53.0,0,overcast,0.79
2023-02-26,6,0,Feb,Winter,7.4,48.0,0,overcast,0.8
2023-02-27,0,0,Feb,Winter,8.0,41.0,1,sunny,0.64
2023-02-28,1,0,Feb,Winter,7.1,63.0,0,sunny,0.65
2023-03-01,2,0,Mar,Winter,5.7,40.0,0,overcast,0.5
2023-03-02,3,0,Mar,Winter,5.9,58.0,1,overcast,0.57
2023-03-03,4,0,Mar,Winter,7.7,56.0,0,overcast,0.72
2023-03-04,5,0,Mar,Winter,8.5,39.0,0,sunny,0.86
2023-03-05,6,0,Mar,Winter,9.0,53.0,0,sunny,0.77
2023-03-06,0,0,Mar,Winter,8.3,53.0,1,sunny,0.57
2023-03-07,1,0,Mar,Winter,8.0,40.0,1,sunny,0.67
2023-03-08,2,0,Mar,Winter,7.8,40.0,1,overcast,0.56
2023-03-09,3,0,Mar,Winter,7.6,40.0,1,overcast,0.61
2023-03-10,4,0,Mar,Winter,6.9,52.0,0,overcast,0.7
2023-03-11,5,0,Mar,Winter,5.9,50.0,0,sunny,0.8
2023-03-12,6,0,Mar,Winter,6.0,59.0,0,overcast,0.78
2023-03-13,0,0,Mar,Winter,5.1,60.0,0,overcast,0.54
2023-03-14,1,0,Mar,Winter,5.0,52.0,1,overcast,0.52
2023-03-15,2,0,Mar,Winter,4.6,56.0,0,sunny,0.58
2023-03-16,3,0,Mar,Winter,2.9,51.0,1,sunny,0.52
2023-03-17,4,0,Mar,Winter,1.9,36.0,1,sunny,0.6
2023-03-18,5,0,Mar,Winter,1.4,63.0,1,snow,0.51
2023-03-19,6,0,Mar,Winter,0.9,37.0,0,snow,0.5
2023-03-20,0,0,Mar,Spring,1.5,60.0,0,snow,0.44
2023-03-21,1,1,Mar,Spring,1.5,53.0,0,snow,0.51
2023-03-22,2,0,Mar,Spring,2.4,59.0,1,sunny,0.51
2023-03-23,3,0,Mar,Spring,5.5,72.0,1,overcast,0.48
2023-03-24,4,0,Mar,Spring,7.3,54.0,0,overcast,0.77
2023-03-25,5,0,Mar,Spring,8.4,50.0,1,overcast,0.76
2023-03-26,6,0,Mar,Spring,6.9,62.0,1,sunny,0.8
2023-03-27,0,0,Mar,Spring,4.3,18.0,0,overcast,0.48
2023-03-28,1,0,Mar,Spring,2.8,56.0,0,overcast,0.54
2023-03-29,2,0,Mar,Spring,2.0,57.0,0,snow,0.43
2023-03-30,3,0,Mar,Spring,3.6,54.0,1,sunny,0.56
2023-03-31,4,0,Mar,Spring,6.2,62.0,1,overcast,0.69
2023-04-01,5,0,Apr,Spring,9.0,67.0,0,sunny,0.83
2023-04-02,6,0,Apr,Spring,11.5,66.0,0,sunny,0.92
2023-04-03,0,0,Apr,Spring,12.0,54.0,0,sunny,0.81
2023-04-04,1,0,Apr,Spring,11.6,29.0,0,sunny,0.68
2023-04-05,2,0,Apr,Spring,12.3,44.0,0,sunny,0.68
2023-04-06,3,0,Apr,Spring,12.4,63.0,1,rainy,0.64
2023-04-07,4,0,Apr,Spring,13.8,48.0,0,sunny,0.88
2023-04-08,5,0,Apr,Spring,15.0,61.0,0,overcast,0.8
2023-04-09,6,0,Apr,Spring,16.0,52.0,1,sunny,0.78
2023-04-10,0,0,Apr,Spring,15.8,38.0,1,sunny,0.64
2023-04-11,1,0,Apr,Spring,15.3,47.0,1,sunny,0.59
2023-04-12,2,0,Apr,Spring,14.8,49.0,1,sunny,0.61
2023-04-13,3,0,Apr,Spring,15.8,40.0,0,sunny,0.66
2023-04-14,4,0,Apr,Spring,17.5,63.0,0,overcast,0.71
2023-04-15,5,0,Apr,Spring,17.7,86.0,0,sunny,0.6
2023-04-16,6,0,Apr,Spring,16.6,65.0,0,overcast,0.81
2023-04-17,0,0,Apr,Spring,13.9,60.0,1,sunny,0.73
2023-04-18,1,0,Apr,Spring,12.0,62.0,1,sunny,0.6
2023-04-19,2,0,Apr,Spring,12.0,44.0,0,sunny,0.75
2023-04-20,3,0,Apr,Spring,12.6,64.0,1,overcast,0.6
2023-04-21,4,0,Apr,Spring,13.4,62.0,0,rainy,0.7
2023-04-22,5,0,Apr,Spring,12.7,50.0,1,overcast,0.81
2023-04-23,6,0,Apr,Spring,12.5,54.0,1,sunny,0.74
2023-04-24,0,0,Apr,Spring,13.8,60.0,0,sunny,0.72
2023-04-25,1,0,Apr,Spring,15.4,61.0,1,rainy,0.56
2023-04-26,2,0,Apr,Spring,15.6,55.0,1,sunny,0.68
2023-04-27,3,0,Apr,Spring,13.9,50.0,1,sunny,0.68
2023-04-28,4,0,Apr,Spring,11.8,52.0,1,sunny,0.87
2023-04-29,5,1,Apr,Spring,11.7,46.0,0,sunny,0.84
2023-04-30,6,0,Apr,Spring,14.0,63.0,1,overcast,0.72
2023-05-01,0,0,May,Spring,16.0,46.0,0,sunny,0.67
2023-05-02,1,0,May,Spring,16.8,54.0,0,sunny,0.67
2023-05-03,2,1,May,Spring,16.9,46.0,1,sunny,0.79
2023-05-04,3,1,May,Spring,16.0,51.0,0,overcast,0.88
2023-05-05,4,1,May,Spring,16.3,43.0,1,sunny,0.89
2023-05-06,5,0,May,Spring,15.7,58.0,0,sunny,0.84
2023-05-07,6,0,May,Spring,14.7,65.0,1,rainy,0.66
2023-05-08,0,0,May,Spring,14.6,65.0,0,sunny,0.72
2023-05-09,1,0,May,Spring,14.4,63.0,0,overcast,0.62
2023-05-10,2,0,May,Spring,15.6,43.0,1,overcast,0.63
2023-05-11,3,0,May,Spring,16.2,52.0,0,sunny,0.72
2023-05-12,4,0,May,Spring,14.8,54.0,1,sunny,0.68
2023-05-13,5,0,May,Spring,13.9,51.0,0,sunny,0.95
2023-05-14,6,0,May,Spring,12.5,53.0,0,sunny,0.94
2023-05-15,0,0,May,Spring,13.6,50.0,1,sunny,0.62
2023-05-16,1,0,May,Spring,15.6,64.0,0,sunny,0.68
2023-05-17,2,0,May,Spring,18.1,57.0,0,sunny,0.71
2023-05-18,3,0,May,Spring,19.5,72.0,0,overcast,0.65
2023-05-19,4,0,May,Spring,20.1,49.0,1,sunny,0.78
2023-05-20,5,0,May,Spring,19.8,69.0,0,overcast,0.92
2023-05-21,6,0,May,Spring,18.8,63.0,1,overcast,0.74
2023-05-22,0,0,May,Spring,19.2,63.0,0,rainy,0.56
2023-05-23,1,0,May,Spring,19.0,72.0,0,rainy,0.5
2023-05-24,2,0,May,Spring,18.8,57.0,0,sunny,0.66
2023-05-25,3,0,May,Spring,17.9,59.0,0,sunny,0.71
2023-05-26,4,0,May,Spring,17.3,64.0,1,overcast,0.79
2023-05-27,5,0,May,Spring,16.9,58.0,0,sunny,0.85
2023-05-28,6,0,May,Spring,16.7,62.0,0,overcast,0.81
2023-05-29,0,0,May,Spring,16.2,44.0,1,sunny,0.65
2023-05-30,1,0,May,Spring,15.8,59.0,1,overcast,0.66
2023-05-31,2,0,May,Spring,16.6,67.0,1,overcast,0.73
2023-06-01,3,0,Jun,Spring,17.9,78.0,0,rainy,0.45
2023-06-02,4,0,Jun,Spring,19.8,66.0,0,sunny,0.78
2023-06-03,5,0,Jun,Spring,20.4,69.0,1,overcast,0.83
2023-06-04,6,0,Jun,Spring,21.0,75.0,1,sunny,0.75
2023-06-05,0,0,Jun,Spring,21.4,77.0,1,rainy,0.52
2023-06-06,1,0,Jun,Spring,22.0,80.0,0,sunny,0.56
2023-06-07,2,0,Jun,Spring,21.6,79.0,1,rainy,0.38
2023-06-08,3,0,Jun,Spring,20.9,73.0,0,sunny,0.69
2023-06-09,4,0,Jun,Spring,19.5,80.0,0,sunny,0.68
2023-06-10,5,0,Jun,Spring,19.0,59.0,1,sunny,0.86
2023-06-11,6,0,Jun,Spring,17.3,79.0,0,sunny,0.72
2023-06-12,0,0,Jun,Spring,16.2,79.0,1,rainy,0.45
2023-06-13,1,0,Jun,Spring,15.4,52.0,1,sunny,0.71
2023-06-14,2,0,Jun,Spring,15.9,81.0,0,sunny,0.58
2023-06-15,3,0,Jun,Spring,17.0,73.0,0,sunny,0.69
2023-06-16,4,0,Jun,Spring,18.0,87.0,1,rainy,0.35
2023-06-17,5,0,Jun,Spring,18.9,68.0,0,overcast,0.83
2023-06-18,6,0,Jun,Spring,18.6,76.0,1,sunny,0.76
2023-06-19,0,0,Jun,Spring,17.5,76.0,0,overcast,0.51
2023-06-20,1,0,Jun,Spring,15.7,64.0,0,overcast,0.67
2023-06-21,2,0,Jun,Summer,15.5,78.0,0,rainy,0.44
2023-06-22,3,0,Jun,Summer,15.9,78.0,0,overcast,0.53
2023-06-23,4,0,Jun,Summer,17.1,59.0,0,overcast,0.81
2023-06-24,5,0,Jun,Summer,17.4,64.0,0,overcast,0.83
2023-06-25,6,0,Jun,Summer,18.6,73.0,1,rainy,0.65
2023-06-26,0,0,Jun,Summer,19.5,77.0,1,overcast,0.41
2023-06-27,1,0,Jun,Summer,20.5,88.0,1,overcast,0.33
2023-06-28,2,0,Jun,Summer,20.5,63.0,0,rainy,0.63
2023-06-29,3,0,Jun,Summer,21.2,80.0,0,overcast,0.6
2023-06-30,4,0,Jun,Summer,21.7,82.0,0,rainy,0.48
2023-07-01,5,0,Jul,Summer,21.9,82.0,0,sunny,0.68
2023-07-02,6,0,Jul,Summer,20.5,74.0,0,overcast,0.74
2023-07-03,0,0,Jul,Summer,19.3,83.0,0,overcast,0.51
2023-07-04,1,0,Jul,Summer,18.9,72.0,0,sunny,0.66
2023-07-05,2,0,Jul,Summer,19.5,82.0,1,sunny,0.46
2023-07-06,3,0,Jul,Summer,21.5,59.0,0,sunny,0.74
2023-07-07,4,0,Jul,Summer,22.4,88.0,0,sunny,0.5
2023-07-08,5,0,Jul,Summer,23.3,78.0,1,overcast,0.61
2023-07-09,6,0,Jul,Summer,23.6,99.0,0,rainy,0.26
2023-07-10,0,0,Jul,Summer,23.6,80.0,0,sunny,0.58
2023-07-11,1,0,Jul,Summer,25.0,69.0,0,sunny,0.65
2023-07-12,2,0,Jul,Summer,28.1,75.0,0,rainy,0.52
2023-07-13,3,0,Jul,Summer,23.9,80.0,0,rainy,0.41
2023-07-14,4,0,Jul,Summer,22.7,66.0,1,sunny,0.81
2023-07-15,5,0,Jul,Summer,19.2,86.0,0,sunny,0.52
2023-07-16,6,0,Jul,Summer,22.8,95.0,1,rainy,0.24
2023-07-17,0,1,Jul,Summer,25.4,81.0,0,overcast,0.65
2023-07-18,1,0,Jul,Summer,25.7,71.0,0,rainy,0.66
2023-07-19,2,0,Jul,Summer,24.4,75.0,1,overcast,0.51
2023-07-20,3,0,Jul,Summer,22.7,77.0,0,overcast,0.52
2023-07-21,4,0,Jul,Summer,21.4,87.0,0,overcast,0.55
2023-07-22,5,0,Jul,Summer,20.6,80.0,0,rainy,0.53
2023-07-23,6,0,Jul,Summer,19.2,91.0,1,rainy,0.23
2023-07-24,0,0,Jul,Summer,18.3,84.0,0,sunny,0.48
2023-07-25,1,0,Jul,Summer,18.9,63.0,0,overcast,0.63
2023-07-26,2,0,Jul,Summer,21.8,55.0,1,sunny,0.6
2023-07-27,3,0,Jul,Summer,24.6,87.0,0,overcast,0.41
2023-07-28,4,0,Jul,Summer,26.1,66.0,0,overcast,0.76
2023-07-29,5,0,Jul,Summer,26.3,93.0,0,rainy,0.35
2023-07-30,6,0,Jul,Summer,26.1,92.0,1,rainy,0.26
2023-07-31,0,0,Jul,Summer,26.1,84.0,0,sunny,0.5
2023-08-01,1,0,Aug,Summer,25.6,69.0,1,overcast,0.63
2023-08-02,2,0,Aug,Summer,25.5,83.0,0,sunny,0.47
2023-08-03,3,0,Aug,Summer,25.6,82.0,1,sunny,0.55
2023-08-04,4,0,Aug,Summer,26.0,92.0,1,rainy,0.22
2023-08-05,5,0,Aug,Summer,25.6,87.0,1,sunny,0.46
2023-08-06,6,0,Aug,Summer,23.9,65.0,1,sunny,0.77
2023-08-07,0,0,Aug,Summer,22.8,71.0,0,overcast,0.63
2023-08-08,1,0,Aug,Summer,22.9,71.0,0,rainy,0.6
2023-08-09,2,0,Aug,Summer,24.2,87.0,0,overcast,0.35
2023-08-10,3,0,Aug,Summer,26.1,73.0,0,rainy,0.58
2023-08-11,4,1,Aug,Summer,27.3,88.0,1,overcast,0.4
2023-08-12,5,0,Aug,Summer,26.9,67.0,0,sunny,0.94
2023-08-13,6,0,Aug,Summer,26.0,83.0,0,rainy,0.52
2023-08-14,0,0,Aug,Summer,25.8,71.0,1,rainy,0.59
2023-08-15,1,0,Aug,Summer,25.7,64.0,0,sunny,0.72
2023-08-16,2,0,Aug,Summer,25.2,83.0,1,rainy,0.35
2023-08-17,3,0,Aug,Summer,24.3,83.0,0,rainy,0.42
2023-08-18,4,0,Aug,Summer,22.9,92.0,0,rainy,0.34
2023-08-19,5,0,Aug,Summer,22.1,62.0,0,sunny,0.9
2023-08-20,6,0,Aug,Summer,22.5,89.0,1,sunny,0.54
2023-08-21,0,0,Aug,Summer,22.8,85.0,1,rainy,0.3
2023-08-22,1,0,Aug,Summer,24.1,84.0,1,sunny,0.45
2023-08-23,2,0,Aug,Summer,25.1,84.0,1,overcast,0.36
2023-08-24,3,0,Aug,Summer,25.0,72.0,0,rainy,0.65
2023-08-25,4,0,Aug,Summer,24.3,76.0,1,rainy,0.51
2023-08-26,5,0,Aug,Summer,25.3,84.0,1,sunny,0.67
2023-08-27,6,0,Aug,Summer,26.4,91.0,1,rainy,0.34
2023-08-28,0,0,Aug,Summer,28.2,98.0,1,rainy,0.0
2023-08-29,1,0,Aug,Summer,29.4,88.0,1,rainy,0.24
2023-08-30,2,0,Aug,Summer,28.3,73.0,0,sunny,0.62
2023-08-31,3,0,Aug,Summer,26.8,64.0,1,overcast,0.66
2023-09-01,4,0,Sep,Summer,24.8,73.0,1,sunny,0.67
2023-09-02,5,0,Sep,Summer,22.3,76.0,1,sunny,0.7
2023-09-03,6,0,Sep,Summer,20.9,61.0,1,overcast,0.66
2023-09-04,0,0,Sep,Summer,20.9,82.0,1,overcast,0.37
2023-09-05,1,0,Sep,Summer,21.7,55.0,1,sunny,0.53
2023-09-06,2,0,Sep,Summer,23.2,81.0,0,overcast,0.38
2023-09-07,3,0,Sep,Summer,24.5,57.0,1,sunny,0.7
2023-09-08,4,0,Sep,Summer,25.3,59.0,0,overcast,0.79
2023-09-09,5,0,Sep,Summer,25.5,72.0,0,overcast,0.81
2023-09-10,6,0,Sep,Summer,24.4,76.0,1,sunny,0.65
2023-09-11,0,0,Sep,Summer,23.5,98.0,0,rainy,0.12
2023-09-12,1,0,Sep,Summer,21.8,56.0,0,sunny,0.7
2023-09-13,2,0,Sep,Summer,20.8,75.0,1,sunny,0.51
2023-09-14,3,0,Sep,Summer,19.5,66.0,0,rainy,0.69
2023-09-15,4,0,Sep,Summer,18.3,66.0,1,overcast,0.74
2023-09-16,5,0,Sep,Summer,18.9,74.0,1,rainy,0.65
2023-09-17,6,0,Sep,Summer,20.7,70.0,1,sunny,0.8
2023-09-18,0,1,Sep,Summer,22.0,61.0,1,rainy,0.74
2023-09-19,1,0,Sep,Summer,22.4,68.0,0,overcast,0.55
2023-09-20,2,0,Sep,Summer,21.9,66.0,1,rainy,0.54
2023-09-21,3,0,Sep,Summer,20.9,71.0,1,sunny,0.61
2023-09-22,4,0,Sep,Summer,20.3,60.0,0,overcast,0.7
2023-09-23,5,1,Sep,Autumn,19.0,60.0,0,overcast,0.81
2023-09-24,6,0,Sep,Autumn,17.1,65.0,0,rainy,0.84
2023-09-25,0,0,Sep,Autumn,16.4,63.0,1,overcast,0.63
2023-09-26,1,0,Sep,Autumn,16.7,57.0,0,sunny,0.67
2023-09-27,2,0,Sep,Autumn,17.8,62.0,0,rainy,0.63
2023-09-28,3,0,Sep,Autumn,19.2,69.0,0,overcast,0.73
2023-09-29,4,0,Sep,Autumn,20.3,71.0,0,rainy,0.73
2023-09-30,5,0,Sep,Autumn,20.5,59.0,0,sunny,0.88
2023-10-01,6,0,Oct,Autumn,19.2,65.0,0,overcast,0.77
2023-10-02,0,0,Oct,Autumn,16.9,89.0,0,overcast,0.36
2023-10-03,1,0,Oct,Autumn,14.5,70.0,0,rainy,0.62
2023-10-04,2,0,Oct,Autumn,13.0,54.0,0,overcast,0.7
2023-10-05,3,0,Oct,Autumn,13.8,39.0,1,sunny,0.7
2023-10-06,4,0,Oct,Autumn,14.1,71.0,1,rainy,0.69
2023-10-07,5,0,Oct,Autumn,15.4,71.0,1,overcast,0.73
2023-10-08,6,0,Oct,Autumn,17.6,71.0,0,overcast,0.85
2023-10-09,0,1,Oct,Autumn,19.3,62.0,0,rainy,0.78
2023-10-10,1,0,Oct,Autumn,20.4,62.0,0,overcast,0.75
2023-10-11,2,0,Oct,Autumn,20.5,73.0,0,overcast,0.57
2023-10-12,3,0,Oct,Autumn,19.8,60.0,0,sunny,0.8
2023-10-13,4,0,Oct,Autumn,20.7,50.0,1,sunny,0.76
2023-10-14,5,0,Oct,Autumn,19.2,61.0,0,sunny,0.84
2023-10-15,6,0,Oct,Autumn,17.8,71.0,1,overcast,0.71
2023-10-16,0,0,Oct,Autumn,15.8,52.0,0,sunny,0.68
2023-10-17,1,0,Oct,Autumn,14.1,55.0,0,overcast,0.67
2023-10-18,2,0,Oct,Autumn,14.8,71.0,1,overcast,0.61
2023-10-19,3,0,Oct,Autumn,16.4,67.0,0,rainy,0.59
2023-10-20,4,0,Oct,Autumn,17.2,57.0,0,sunny,0.8
2023-10-21,5,0,Oct,Autumn,16.6,54.0,1,sunny,0.93
2023-10-22,6,0,Oct,Autumn,14.6,67.0,1,rainy,0.79
2023-10-23,0,0,Oct,Autumn,13.4,56.0,1,overcast,0.62
2023-10-24,1,0,Oct,Autumn,13.6,54.0,0,sunny,0.7
2023-10-25,2,0,Oct,Autumn,13.7,66.0,1,overcast,0.61
2023-10-26,3,0,Oct,Autumn,13.6,67.0,0,rainy,0.64
2023-10-27,4,0,Oct,Autumn,13.0,60.0,0,overcast,0.7
2023-10-28,5,0,Oct,Autumn,13.0,56.0,0,sunny,0.86
2023-10-29,6,0,Oct,Autumn,13.4,71.0,0,rainy,0.65
2023-10-30,0,0,Oct,Autumn,12.7,67.0,0,sunny,0.72
2023-10-31,1,0,Oct,Autumn,11.0,48.0,1,sunny,0.68
2023-11-01,2,0,Nov,Autumn,9.7,71.0,1,sunny,0.61
2023-11-02,3,0,Nov,Autumn,9.5,46.0,1,sunny,0.73
2023-11-03,4,1,Nov,Autumn,8.8,60.0,1,sunny,0.74
2023-11-04,5,0,Nov,Autumn,7.1,58.0,0,sunny,0.75
2023-11-05,6,0,Nov,Autumn,5.3,75.0,1,sunny,0.64
2023-11-06,0,0,Nov,Autumn,4.8,54.0,0,overcast,0.61
2023-11-07,1,0,Nov,Autumn,5.9,61.0,1,rainy,0.57
2023-11-08,2,0,Nov,Autumn,7.9,52.0,0,sunny,0.64
2023-11-09,3,0,Nov,Autumn,9.8,70.0,1,overcast,0.66
2023-11-10,4,0,Nov,Autumn,11.0,53.0,0,sunny,0.8
2023-11-11,5,0,Nov,Autumn,11.4,76.0,1,overcast,0.66
2023-11-12,6,0,Nov,Autumn,10.9,56.0,0,sunny,0.89
2023-11-13,0,0,Nov,Autumn,9.9,70.0,1,sunny,0.68
2023-11-14,1,0,Nov,Autumn,10.3,45.0,0,sunny,0.62
2023-11-15,2,0,Nov,Autumn,11.6,60.0,1,overcast,0.67
2023-11-16,3,0,Nov,Autumn,13.1,43.0,1,overcast,0.68
2023-11-17,4,0,Nov,Autumn,14.0,53.0,1,sunny,0.72
2023-11-18,5,0,Nov,Autumn,13.4,63.0,0,sunny,0.89
2023-11-19,6,0,Nov,Autumn,10.7,72.0,1,sunny,0.79
2023-11-20,0,0,Nov,Autumn,8.4,45.0,0,overcast,0.64
2023-11-21,1,0,Nov,Autumn,7.3,54.0,0,sunny,0.63
2023-11-22,2,0,Nov,Autumn,8.1,46.0,1,overcast,0.54
2023-11-23,3,1,Nov,Autumn,9.9,46.0,0,sunny,0.87
2023-11-24,4,0,Nov,Autumn,11.2,62.0,1,rainy,0.71
2023-11-25,5,0,Nov,Autumn,11.3,41.0,1,sunny,0.85
2023-11-26,6,0,Nov,Autumn,10.4,66.0,1,overcast,0.73
2023-11-27,0,0,Nov,Autumn,9.8,75.0,1,rainy,0.5
2023-11-28,1,0,Nov,Autumn,8.3,63.0,1,overcast,0.43
2023-11-29,2,0,Nov,Autumn,7.6,51.0,0,sunny,0.72
2023-11-30,3,0,Nov,Autumn,7.1,39.0,1,sunny,0.53
2023-12-01,4,0,Dec,Autumn,5.9,44.0,1,sunny,0.66
2023-12-02,5,0,Dec,Autumn,4.7,31.0,0,sunny,0.73
2023-12-03,6,0,Dec,Autumn,5.0,70.0,0,overcast,0.65
2023-12-04,0,0,Dec,Autumn,6.8,40.0,1,sunny,0.65
2023-12-05,1,0,Dec,Autumn,10.0,42.0,1,sunny,0.63
2023-12-06,2,0,Dec,Autumn,10.0,58.0,1,sunny,0.67
2023-12-07,3,0,Dec,Autumn,8.5,40.0,0,overcast,0.64
2023-12-08,4,0,Dec,Autumn,5.7,55.0,0,overcast,0.7
2023-12-09,5,0,Dec,Autumn,4.6,74.0,0,sunny,0.71
2023-12-10,6,0,Dec,Autumn,3.9,43.0,1,sunny,0.63
2023-12-11,0,0,Dec,Autumn,2.2,48.0,1,sunny,0.57
2023-12-12,1,0,Dec,Autumn,1.0,56.0,1,snow,0.3
2023-12-13,2,0,Dec,Autumn,1.2,41.0,0,snow,0.3
2023-12-14,3,0,Dec,Autumn,3.0,47.0,1,overcast,0.47
2023-12-15,4,0,Dec,Autumn,4.2,37.0,0,overcast,0.72
2023-12-16,5,0,Dec,Autumn,5.1,60.0,1,overcast,0.73
2023-12-17,6,0,Dec,Autumn,4.6,63.0,1,overcast,0.64
2023-12-18,0,0,Dec,Autumn,3.8,45.0,1,sunny,0.53
2023-12-19,1,0,Dec,Autumn,3.5,22.0,1,overcast,0.47
2023-12-20,2,0,Dec,Autumn,2.8,37.0,1,sunny,0.63
2023-12-21,3,0,Dec,Winter,4.1,62.0,1,overcast,0.53
2023-12-22,4,0,Dec,Winter,5.5,48.0,0,overcast,0.69
2023-12-23,5,0,Dec,Winter,6.3,54.0,1,overcast,0.76
2023-12-24,6,0,Dec,Winter,7.2,45.0,1,sunny,0.76
2023-12-25,0,0,Dec,Winter,7.7,40.0,1,overcast,0.55
2023-12-26,1,0,Dec,Winter,7.1,55.0,0,sunny,0.64
2023-12-27,2,0,Dec,Winter,7.1,48.0,1,sunny,0.6
2023-12-28,3,0,Dec,Winter,6.6,55.0,0,overcast,0.6
2023-12-29,4,0,Dec,Winter,6.3,30.0,1,overcast,0.67
2023-12-30,5,0,Dec,Winter,4.3,54.0,1,overcast,0.68
2023-12-31,6,0,Dec,Winter,1.8,43.0,0,snow,0.57
