name,primary_type,hp,height_m,weight_kg,habitat
bulbasaur,grass,45,0.7,6.9,grassland
ivysaur,grass,60,1,13,grassland
venusaur,grass,80,2,100,grassland
charmander,fire,39,0.6,8.5,mountain
charmeleon,fire,58,1.1,19,mountain
charizard,fire,78,1.7,90.5,mountain
squirtle,water,44,0.5,9,waters-edge
wartortle,water,59,1,22.5,waters-edge
blastoise,water,79,1.6,85.5,waters-edge
caterpie,bug,45,0.3,2.9,forest
metapod,bug,50,0.7,9.9,forest
butterfree,bug,60,1.1,32,forest
weedle,bug,40,0.3,3.2,forest
kakuna,bug,45,0.6,10,forest
beedrill,bug,65,1,29.5,forest
pidgey,normal,40,0.3,1.8,forest
pidgeotto,normal,63,1.1,30,forest
pidgeot,normal,83,1.5,39.5,forest
rattata,normal,30,0.3,3.5,grassland
raticate,normal,55,0.7,18.5,grassland
spearow,normal,40,0.3,2,rough-terrain
fearow,normal,65,1.2,38,rough-terrain
ekans,poison,35,2,6.9,grassland
arbok,poison,60,3.5,65,grassland
pikachu,electric,35,0.4,6,forest
raichu,electric,60,0.8,30,forest
sandshrew,ground,50,0.6,12,rough-terrain
sandslash,ground,75,1,29.5,rough-terrain
nidoran-f,poison,55,0.4,7,grassland
nidorina,poison,70,0.8,20,grassland
nidoqueen,poison,90,1.3,60,grassland
nidoran-m,poison,46,0.5,9,grassland
nidorino,poison,61,0.9,19.5,grassland
nidoking,poison,81,1.4,62,grassland
clefairy,fairy,70,0.6,7.5,mountain
clefable,fairy,95,1.3,40,mountain
vulpix,fire,38,0.6,9.9,grassland
ninetales,fire,73,1.1,19.9,grassland
jigglypuff,normal,115,0.5,5.5,grassland
wigglytuff,normal,140,1,12,grassland
zubat,poison,40,0.8,7.5,cave
golbat,poison,75,1.6,55,cave
oddish,grass,45,0.5,5.4,grassland
gloom,grass,60,0.8,8.6,grassland
vileplume,grass,75,1.2,18.6,grassland
paras,bug,35,0.3,5.4,forest
parasect,bug,60,1,29.5,forest
venonat,bug,60,1,30,forest
venomoth,bug,70,1.5,12.5,forest
diglett,ground,10,0.2,0.8,cave
dugtrio,ground,35,0.7,33.3,cave
meowth,normal,40,0.4,4.2,urban
persian,normal,65,1,32,urban
psyduck,water,50,0.8,19.6,waters-edge
golduck,water,80,1.7,76.6,waters-edge
mankey,fighting,40,0.5,28,mountain
primeape,fighting,65,1,32,mountain
growlithe,fire,55,0.7,19,grassland
arcanine,fire,90,1.9,155,grassland
poliwag,water,40,0.6,12.4,waters-edge
poliwhirl,water,65,1,20,waters-edge
poliwrath,water,90,1.3,54,waters-edge
abra,psychic,25,0.9,19.5,urban
kadabra,psychic,40,1.3,56.5,urban
alakazam,psychic,55,1.5,48,urban
machop,fighting,70,0.8,19.5,mountain
machoke,fighting,80,1.5,70.5,mountain
machamp,fighting,90,1.6,130,mountain
bellsprout,grass,50,0.7,4,forest
weepinbell,grass,65,1,6.4,forest
victreebel,grass,80,1.7,15.5,forest
tentacool,water,40,0.9,45.5,sea
tentacruel,water,80,1.6,55,sea
geodude,rock,40,0.4,20,mountain
graveler,rock,55,1,105,mountain
golem,rock,80,1.4,300,mountain
ponyta,fire,50,1,30,grassland
rapidash,fire,65,1.7,95,grassland
slowpoke,water,90,1.2,36,waters-edge
slowbro,water,95,1.6,78.5,waters-edge
magnemite,electric,25,0.3,6,rough-terrain
magneton,electric,50,1,60,rough-terrain
farfetchd,normal,52,0.8,15,grassland
doduo,normal,35,1.4,39.2,grassland
dodrio,normal,60,1.8,85.2,grassland
seel,water,65,1.1,90,sea
dewgong,water,90,1.7,120,sea
grimer,poison,80,0.9,30,urban
muk,poison,105,1.2,30,urban
shellder,water,30,0.3,4,sea
cloyster,water,50,1.5,132.5,sea
gastly,ghost,30,1.3,0.1,cave
haunter,ghost,45,1.6,0.1,cave
gengar,ghost,60,1.5,40.5,cave
onix,rock,35,8.8,210,cave
drowzee,psychic,60,1,32.4,grassland
hypno,psychic,85,1.6,75.6,grassland
krabby,water,30,0.4,6.5,waters-edge
kingler,water,55,1.3,60,waters-edge
voltorb,electric,40,0.5,10.4,urban
electrode,electric,60,1.2,66.6,urban
exeggcute,grass,60,0.4,2.5,forest
exeggutor,grass,95,2,120,forest
cubone,ground,50,0.4,6.5,mountain
marowak,ground,60,1,45,mountain
hitmonlee,fighting,50,1.5,49.8,urban
hitmonchan,fighting,50,1.4,50.2,urban
lickitung,normal,90,1.2,65.5,grassland
koffing,poison,40,0.6,1,urban
weezing,poison,65,1.2,9.5,urban
rhyhorn,ground,80,1,115,rough-terrain
rhydon,ground,105,1.9,120,rough-terrain
chansey,normal,250,1.1,34.6,urban
tangela,grass,65,1,35,grassland
kangaskhan,normal,105,2.2,80,grassland
horsea,water,30,0.4,8,sea
seadra,water,55,1.2,25,sea
goldeen,water,45,0.6,15,waters-edge
seaking,water,80,1.3,39,waters-edge
staryu,water,30,0.8,34.5,sea
starmie,water,60,1.1,80,sea
mr-mime,psychic,40,1.3,54.5,urban
scyther,bug,70,1.5,56,grassland
jynx,ice,65,1.4,40.6,urban
electabuzz,electric,65,1.1,30,grassland
magmar,fire,65,1.3,44.5,mountain
pinsir,bug,65,1.5,55,forest
tauros,normal,75,1.4,88.4,grassland
magikarp,water,20,0.9,10,waters-edge
gyarados,water,95,6.5,235,waters-edge
lapras,water,130,2.5,220,sea
ditto,normal,48,0.3,4,urban
eevee,normal,55,0.3,6.5,urban
vaporeon,water,130,1,29,urban
jolteon,electric,65,0.8,24.5,urban
flareon,fire,65,0.9,25,urban
porygon,normal,65,0.8,36.5,urban
omanyte,rock,35,0.4,7.5,sea
omastar,rock,70,1,35,sea
kabuto,rock,30,0.5,11.5,sea
kabutops,rock,60,1.3,40.5,sea
aerodactyl,rock,80,1.8,59,mountain
snorlax,normal,160,2.1,460,mountain
articuno,ice,90,1.7,55.4,rare
zapdos,electric,90,1.6,52.6,rare
moltres,fire,90,2,60,rare
dratini,dragon,41,1.8,3.3,waters-edge
dragonair,dragon,61,4,16.5,waters-edge
dragonite,dragon,91,2.2,210,waters-edge
mewtwo,psychic,106,2,122,rare
mew,psychic,100,0.4,4,rare
chikorita,grass,45,0.9,6.4,grassland
bayleef,grass,60,1.2,15.8,grassland
meganium,grass,80,1.8,100.5,grassland
cyndaquil,fire,39,0.5,7.9,grassland
quilava,fire,58,0.9,19,grassland
typhlosion,fire,78,1.7,79.5,grassland
totodile,water,50,0.6,9.5,waters-edge
croconaw,water,65,1.1,25,waters-edge
feraligatr,water,85,2.3,88.8,waters-edge
sentret,normal,35,0.8,6,grassland
furret,normal,85,1.8,32.5,grassland
hoothoot,normal,60,0.7,21.2,forest
noctowl,normal,100,1.6,40.8,forest
ledyba,bug,40,1,10.8,forest
ledian,bug,55,1.4,35.6,forest
spinarak,bug,40,0.5,8.5,forest
ariados,bug,70,1.1,33.5,forest
crobat,poison,85,1.8,75,cave
chinchou,water,75,0.5,12,sea
lanturn,water,125,1.2,22.5,sea
pichu,electric,20,0.3,2,forest
cleffa,fairy,50,0.3,3,mountain
igglybuff,normal,90,0.3,1,grassland
togepi,fairy,35,0.3,1.5,forest
togetic,fairy,55,0.6,3.2,forest
natu,psychic,40,0.2,2,forest
xatu,psychic,65,1.5,15,forest
mareep,electric,55,0.6,7.8,grassland
flaaffy,electric,70,0.8,13.3,grassland
ampharos,electric,90,1.4,61.5,grassland
bellossom,grass,75,0.4,5.8,grassland
marill,water,70,0.4,8.5,waters-edge
azumarill,water,100,0.8,28.5,waters-edge
sudowoodo,rock,70,1.2,38,forest
politoed,water,90,1.1,33.9,waters-edge
hoppip,grass,35,0.4,0.5,grassland
skiploom,grass,55,0.6,1,grassland
jumpluff,grass,75,0.8,3,grassland
aipom,normal,55,0.8,11.5,forest
sunkern,grass,30,0.3,1.8,grassland
sunflora,grass,75,0.8,8.5,grassland
yanma,bug,65,1.2,38,forest
wooper,water,55,0.4,8.5,waters-edge
quagsire,water,95,1.4,75,waters-edge
espeon,psychic,65,0.9,26.5,urban
umbreon,dark,95,1,27,urban
murkrow,dark,60,0.5,2.1,forest
slowking,water,95,2,79.5,waters-edge
misdreavus,ghost,60,0.7,1,cave
unown,psychic,48,0.5,5,rare
wobbuffet,psychic,190,1.3,28.5,cave
girafarig,normal,70,1.5,41.5,grassland
pineco,bug,50,0.6,7.2,forest
forretress,bug,75,1.2,125.8,forest
dunsparce,normal,100,1.5,14,cave
gligar,ground,65,1.1,64.8,mountain
steelix,steel,75,9.2,400,cave
snubbull,fairy,60,0.6,7.8,urban
granbull,fairy,90,1.4,48.7,urban
qwilfish,water,65,0.5,3.9,sea
scizor,bug,70,1.8,118,grassland
shuckle,bug,20,0.6,20.5,mountain
heracross,bug,80,1.5,54,forest
sneasel,dark,55,0.9,28,forest
teddiursa,normal,60,0.6,8.8,mountain
ursaring,normal,90,1.8,125.8,mountain
slugma,fire,40,0.7,35,mountain
magcargo,fire,60,0.8,55,mountain
swinub,ice,50,0.4,6.5,cave
piloswine,ice,100,1.1,55.8,cave
corsola,water,65,0.6,5,sea
remoraid,water,35,0.6,12,sea
octillery,water,75,0.9,28.5,sea
delibird,ice,45,0.9,16,mountain
mantine,water,85,2.1,220,sea
skarmory,steel,65,1.7,50.5,rough-terrain
houndour,dark,45,0.6,10.8,rough-terrain
houndoom,dark,75,1.4,35,rough-terrain
kingdra,water,75,1.8,152,sea
phanpy,ground,90,0.5,33.5,rough-terrain
donphan,ground,90,1.1,120,rough-terrain
porygon2,normal,85,0.6,32.5,urban
stantler,normal,73,1.4,71.2,forest
smeargle,normal,55,1.2,58,urban
tyrogue,fighting,35,0.7,21,urban
hitmontop,fighting,50,1.4,48,urban
smoochum,ice,45,0.4,6,urban
elekid,electric,45,0.6,23.5,grassland
magby,fire,45,0.7,21.4,mountain
miltank,normal,95,1.2,75.5,grassland
blissey,normal,255,1.5,46.8,urban
raikou,electric,90,1.9,178,grassland
entei,fire,115,2.1,198,grassland
suicune,water,100,2,187,grassland
larvitar,rock,50,0.6,72,mountain
pupitar,rock,70,1.2,152,mountain
tyranitar,rock,100,2,202,mountain
lugia,psychic,106,5.2,216,rare
ho-oh,fire,106,3.8,199,rare
celebi,psychic,100,0.6,5,forest
treecko,grass,40,0.5,5,forest
grovyle,grass,50,0.9,21.6,forest
sceptile,grass,70,1.7,52.2,forest
torchic,fire,45,0.4,2.5,grassland
combusken,fire,60,0.9,19.5,grassland
blaziken,fire,80,1.9,52,grassland
mudkip,water,50,0.4,7.6,waters-edge
marshtomp,water,70,0.7,28,waters-edge
swampert,water,100,1.5,81.9,waters-edge
poochyena,dark,35,0.5,13.6,grassland
mightyena,dark,70,1,37,grassland
zigzagoon,normal,38,0.4,17.5,grassland
linoone,normal,78,0.5,32.5,grassland
wurmple,bug,45,0.3,3.6,forest
silcoon,bug,50,0.6,10,forest
beautifly,bug,60,1,28.4,forest
cascoon,bug,50,0.7,11.5,forest
dustox,bug,60,1.2,31.6,forest
lotad,water,40,0.5,2.6,waters-edge
lombre,water,60,1.2,32.5,waters-edge
ludicolo,water,80,1.5,55,waters-edge
seedot,grass,40,0.5,4,forest
nuzleaf,grass,70,1,28,forest
shiftry,grass,90,1.3,59.6,forest
taillow,normal,40,0.3,2.3,grassland
swellow,normal,60,0.7,19.8,grassland
wingull,water,40,0.6,9.5,sea
pelipper,water,60,1.2,28,sea
ralts,psychic,28,0.4,6.6,urban
kirlia,psychic,38,0.8,20.2,urban
gardevoir,psychic,68,1.6,48.4,urban
surskit,bug,40,0.5,1.7,waters-edge
masquerain,bug,70,0.8,3.6,waters-edge
shroomish,grass,60,0.4,4.5,forest
breloom,grass,60,1.2,39.2,forest
slakoth,normal,60,0.8,24,forest
vigoroth,normal,80,1.4,46.5,forest
slaking,normal,150,2,130.5,forest
nincada,bug,31,0.5,5.5,forest
ninjask,bug,61,0.8,12,forest
shedinja,bug,1,0.8,1.2,forest
whismur,normal,64,0.6,16.3,cave
loudred,normal,84,1,40.5,cave
exploud,normal,104,1.5,84,cave
makuhita,fighting,72,1,86.4,mountain
hariyama,fighting,144,2.3,253.8,mountain
azurill,normal,50,0.2,2,waters-edge
nosepass,rock,30,1,97,cave
skitty,normal,50,0.6,11,forest
delcatty,normal,70,1.1,32.6,forest
sableye,dark,50,0.5,11,cave
mawile,steel,50,0.6,11.5,cave
aron,steel,50,0.4,60,mountain
lairon,steel,60,0.9,120,mountain
aggron,steel,70,2.1,360,mountain
meditite,fighting,30,0.6,11.2,mountain
medicham,fighting,60,1.3,31.5,mountain
electrike,electric,40,0.6,15.2,grassland
manectric,electric,70,1.5,40.2,grassland
plusle,electric,60,0.4,4.2,grassland
minun,electric,60,0.4,4.2,grassland
volbeat,bug,65,0.7,17.7,forest
illumise,bug,65,0.6,17.7,forest
roselia,grass,50,0.3,2,grassland
gulpin,poison,70,0.4,10.3,grassland
swalot,poison,100,1.7,80,grassland
carvanha,water,45,0.8,20.8,sea
sharpedo,water,70,1.8,88.8,sea
wailmer,water,130,2,130,sea
wailord,water,170,14.5,398,sea
numel,fire,60,0.7,24,mountain
camerupt,fire,70,1.9,220,mountain
torkoal,fire,70,0.5,80.4,mountain
spoink,psychic,60,0.7,30.6,mountain
grumpig,psychic,80,0.9,71.5,mountain
spinda,normal,60,1.1,5,mountain
trapinch,ground,45,0.7,15,rough-terrain
vibrava,ground,50,1.1,15.3,rough-terrain
flygon,ground,80,2,82,rough-terrain
cacnea,grass,50,0.4,51.3,rough-terrain
cacturne,grass,70,1.3,77.4,rough-terrain
swablu,normal,45,0.4,1.2,forest
altaria,dragon,75,1.1,20.6,forest
zangoose,normal,73,1.3,40.3,grassland
seviper,poison,73,2.7,52.5,grassland
lunatone,rock,90,1,168,cave
solrock,rock,90,1.2,154,cave
barboach,water,50,0.4,1.9,waters-edge
whiscash,water,110,0.9,23.6,waters-edge
corphish,water,43,0.6,11.5,waters-edge
crawdaunt,water,63,1.1,32.8,waters-edge
baltoy,ground,40,0.5,21.5,rough-terrain
claydol,ground,60,1.5,108,rough-terrain
lileep,rock,66,1,23.8,sea
cradily,rock,86,1.5,60.4,sea
anorith,rock,45,0.7,12.5,waters-edge
armaldo,rock,75,1.5,68.2,waters-edge
feebas,water,20,0.6,7.4,waters-edge
milotic,water,95,6.2,162,waters-edge
castform,normal,70,0.3,0.8,grassland
kecleon,normal,60,1,22,forest
shuppet,ghost,44,0.6,2.3,urban
banette,ghost,64,1.1,12.5,urban
duskull,ghost,20,0.8,15,forest
dusclops,ghost,40,1.6,30.6,forest
tropius,grass,99,2,100,forest
chimecho,psychic,75,0.6,1,grassland
absol,dark,65,1.2,47,mountain
wynaut,psychic,95,0.6,14,cave
snorunt,ice,50,0.7,16.8,cave
glalie,ice,80,1.5,256.5,cave
spheal,ice,70,0.8,39.5,sea
sealeo,ice,90,1.1,87.6,sea
walrein,ice,110,1.4,150.6,sea
clamperl,water,35,0.4,52.5,sea
huntail,water,55,1.7,27,sea
gorebyss,water,55,1.8,22.6,sea
relicanth,water,100,1,23.4,sea
luvdisc,water,43,0.6,8.7,sea
bagon,dragon,45,0.6,42.1,rough-terrain
shelgon,dragon,65,1.1,110.5,rough-terrain
salamence,dragon,95,1.5,102.6,rough-terrain
beldum,steel,40,0.6,95.2,rough-terrain
metang,steel,60,1.2,202.5,rough-terrain
metagross,steel,80,1.6,550,rough-terrain
regirock,rock,80,1.7,230,cave
regice,ice,80,1.8,175,cave
registeel,steel,80,1.9,205,cave
latias,dragon,80,1.4,40,waters-edge
latios,dragon,80,2,60,waters-edge
kyogre,water,100,4.5,352,sea
groudon,ground,100,3.5,950,rough-terrain
rayquaza,dragon,105,7,206.5,rare
jirachi,steel,100,0.3,1.1,mountain
deoxys-normal,psychic,50,1.7,60.8,rare
turtwig,grass,55,0.4,10.2,unknown
grotle,grass,75,1.1,97,unknown
torterra,grass,95,2.2,310,unknown
chimchar,fire,44,0.5,6.2,unknown
monferno,fire,64,0.9,22,unknown
infernape,fire,76,1.2,55,unknown
piplup,water,53,0.4,5.2,unknown
prinplup,water,64,0.8,23,unknown
empoleon,water,84,1.7,84.5,unknown
starly,normal,40,0.3,2,unknown
staravia,normal,55,0.6,15.5,unknown
staraptor,normal,85,1.2,24.9,unknown
bidoof,normal,59,0.5,20,unknown
bibarel,normal,79,1,31.5,unknown
kricketot,bug,37,0.3,2.2,unknown
kricketune,bug,77,1,25.5,unknown
shinx,electric,45,0.5,9.5,unknown
luxio,electric,60,0.9,30.5,unknown
luxray,electric,80,1.4,42,unknown
budew,grass,40,0.2,1.2,unknown
roserade,grass,60,0.9,14.5,unknown
cranidos,rock,67,0.9,31.5,unknown
rampardos,rock,97,1.6,102.5,unknown
shieldon,rock,30,0.5,57,unknown
bastiodon,rock,60,1.3,149.5,unknown
burmy,bug,40,0.2,3.4,unknown
wormadam-plant,bug,60,0.5,6.5,unknown
mothim,bug,70,0.9,23.3,unknown
combee,bug,30,0.3,5.5,unknown
vespiquen,bug,70,1.2,38.5,unknown
pachirisu,electric,60,0.4,3.9,unknown
buizel,water,55,0.7,29.5,unknown
floatzel,water,85,1.1,33.5,unknown
cherubi,grass,45,0.4,3.3,unknown
cherrim,grass,70,0.5,9.3,unknown
shellos,water,76,0.3,6.3,unknown
gastrodon,water,111,0.9,29.9,unknown
ambipom,normal,75,1.2,20.3,unknown
drifloon,ghost,90,0.4,1.2,unknown
drifblim,ghost,150,1.2,15,unknown
buneary,normal,55,0.4,5.5,unknown
lopunny,normal,65,1.2,33.3,unknown
mismagius,ghost,60,0.9,4.4,unknown
honchkrow,dark,100,0.9,27.3,unknown
glameow,normal,49,0.5,3.9,unknown
purugly,normal,71,1,43.8,unknown
chingling,psychic,45,0.2,0.6,unknown
stunky,poison,63,0.4,19.2,unknown
skuntank,poison,103,1,38,unknown
bronzor,steel,57,0.5,60.5,unknown
bronzong,steel,67,1.3,187,unknown
bonsly,rock,50,0.5,15,unknown
mime-jr,psychic,20,0.6,13,unknown
happiny,normal,100,0.6,24.4,unknown
chatot,normal,76,0.5,1.9,unknown
spiritomb,ghost,50,1,108,unknown
gible,dragon,58,0.7,20.5,unknown
gabite,dragon,68,1.4,56,unknown
garchomp,dragon,108,1.9,95,unknown
munchlax,normal,135,0.6,105,unknown
riolu,fighting,40,0.7,20.2,unknown
lucario,fighting,70,1.2,54,unknown
hippopotas,ground,68,0.8,49.5,unknown
hippowdon,ground,108,2,300,unknown
skorupi,poison,40,0.8,12,unknown
drapion,poison,70,1.3,61.5,unknown
croagunk,poison,48,0.7,23,unknown
toxicroak,poison,83,1.3,44.4,unknown
carnivine,grass,74,1.4,27,unknown
finneon,water,49,0.4,7,unknown
lumineon,water,69,1.2,24,unknown
mantyke,water,45,1,65,unknown
snover,grass,60,1,50.5,unknown
abomasnow,grass,90,2.2,135.5,unknown
weavile,dark,70,1.1,34,unknown
magnezone,electric,70,1.2,180,unknown
lickilicky,normal,110,1.7,140,unknown
rhyperior,ground,115,2.4,282.8,unknown
tangrowth,grass,100,2,128.6,unknown
electivire,electric,75,1.8,138.6,unknown
magmortar,fire,75,1.6,68,unknown
togekiss,fairy,85,1.5,38,unknown
yanmega,bug,86,1.9,51.5,unknown
leafeon,grass,65,1,25.5,unknown
glaceon,ice,65,0.8,25.9,unknown
gliscor,ground,75,2,42.5,unknown
mamoswine,ice,110,2.5,291,unknown
porygon-z,normal,85,0.9,34,unknown
gallade,psychic,68,1.6,52,unknown
probopass,rock,60,1.4,340,unknown
dusknoir,ghost,45,2.2,106.6,unknown
froslass,ice,70,1.3,26.6,unknown
rotom,electric,50,0.3,0.3,unknown
uxie,psychic,75,0.3,0.3,unknown
mesprit,psychic,80,0.3,0.3,unknown
azelf,psychic,75,0.3,0.3,unknown
dialga,steel,100,5.4,683,unknown
palkia,water,90,4.2,336,unknown
heatran,fire,91,1.7,430,unknown
regigigas,normal,110,3.7,420,unknown
giratina-altered,ghost,150,4.5,750,unknown
cresselia,psychic,120,1.5,85.6,unknown
phione,water,80,0.4,3.1,unknown
manaphy,water,100,0.3,1.4,unknown
darkrai,dark,70,1.5,50.5,unknown
shaymin-land,grass,100,0.2,2.1,unknown
arceus,normal,120,3.2,320,unknown
victini,psychic,100,0.4,4,unknown
snivy,grass,45,0.6,8.1,unknown
servine,grass,60,0.8,16,unknown
serperior,grass,75,3.3,63,unknown
tepig,fire,65,0.5,9.9,unknown
pignite,fire,90,1,55.5,unknown
emboar,fire,110,1.6,150,unknown
oshawott,water,55,0.5,5.9,unknown
dewott,water,75,0.8,24.5,unknown
samurott,water,95,1.5,94.6,unknown
patrat,normal,45,0.5,11.6,unknown
watchog,normal,60,1.1,27,unknown
lillipup,normal,45,0.4,4.1,unknown
herdier,normal,65,0.9,14.7,unknown
stoutland,normal,85,1.2,61,unknown
purrloin,dark,41,0.4,10.1,unknown
liepard,dark,64,1.1,37.5,unknown
pansage,grass,50,0.6,10.5,unknown
simisage,grass,75,1.1,30.5,unknown
pansear,fire,50,0.6,11,unknown
simisear,fire,75,1,28,unknown
panpour,water,50,0.6,13.5,unknown
simipour,water,75,1,29,unknown
munna,psychic,76,0.6,23.3,unknown
musharna,psychic,116,1.1,60.5,unknown
pidove,normal,50,0.3,2.1,unknown
tranquill,normal,62,0.6,15,unknown
unfezant,normal,80,1.2,29,unknown
blitzle,electric,45,0.8,29.8,unknown
zebstrika,electric,75,1.6,79.5,unknown
roggenrola,rock,55,0.4,18,unknown
boldore,rock,70,0.9,102,unknown
gigalith,rock,85,1.7,260,unknown
woobat,psychic,65,0.4,2.1,unknown
swoobat,psychic,67,0.9,10.5,unknown
drilbur,ground,60,0.3,8.5,unknown
excadrill,ground,110,0.7,40.4,unknown
audino,normal,103,1.1,31,unknown
timburr,fighting,75,0.6,12.5,unknown
gurdurr,fighting,85,1.2,40,unknown
conkeldurr,fighting,105,1.4,87,unknown
tympole,water,50,0.5,4.5,unknown
palpitoad,water,75,0.8,17,unknown
seismitoad,water,105,1.5,62,unknown
throh,fighting,120,1.3,55.5,unknown
sawk,fighting,75,1.4,51,unknown
sewaddle,bug,45,0.3,2.5,unknown
swadloon,bug,55,0.5,7.3,unknown
leavanny,bug,75,1.2,20.5,unknown
venipede,bug,30,0.4,5.3,unknown
whirlipede,bug,40,1.2,58.5,unknown
scolipede,bug,60,2.5,200.5,unknown
cottonee,grass,40,0.3,0.6,unknown
whimsicott,grass,60,0.7,6.6,unknown
petilil,grass,45,0.5,6.6,unknown
lilligant,grass,70,1.1,16.3,unknown
basculin-red-striped,water,70,1,18,unknown
sandile,ground,50,0.7,15.2,unknown
krokorok,ground,60,1,33.4,unknown
krookodile,ground,95,1.5,96.3,unknown
darumaka,fire,70,0.6,37.5,unknown
darmanitan-standard,fire,105,1.3,92.9,unknown
maractus,grass,75,1,28,unknown
dwebble,bug,50,0.3,14.5,unknown
crustle,bug,70,1.4,200,unknown
scraggy,dark,50,0.6,11.8,unknown
scrafty,dark,65,1.1,30,unknown
sigilyph,psychic,72,1.4,14,unknown
yamask,ghost,38,0.5,1.5,unknown
cofagrigus,ghost,58,1.7,76.5,unknown
tirtouga,water,54,0.7,16.5,unknown
carracosta,water,74,1.2,81,unknown
archen,rock,55,0.5,9.5,unknown
archeops,rock,75,1.4,32,unknown
trubbish,poison,50,0.6,31,unknown
garbodor,poison,80,1.9,107.3,unknown
zorua,dark,40,0.7,12.5,unknown
zoroark,dark,60,1.6,81.1,unknown
minccino,normal,55,0.4,5.8,unknown
cinccino,normal,75,0.5,7.5,unknown
gothita,psychic,45,0.4,5.8,unknown
gothorita,psychic,60,0.7,18,unknown
gothitelle,psychic,70,1.5,44,unknown
solosis,psychic,45,0.3,1,unknown
duosion,psychic,65,0.6,8,unknown
reuniclus,psychic,110,1,20.1,unknown
ducklett,water,62,0.5,5.5,unknown
swanna,water,75,1.3,24.2,unknown
vanillite,ice,36,0.4,5.7,unknown
vanillish,ice,51,1.1,41,unknown
vanilluxe,ice,71,1.3,57.5,unknown
deerling,normal,60,0.6,19.5,unknown
sawsbuck,normal,80,1.9,92.5,unknown
emolga,electric,55,0.4,5,unknown
karrablast,bug,50,0.5,5.9,unknown
escavalier,bug,70,1,33,unknown
foongus,grass,69,0.2,1,unknown
amoonguss,grass,114,0.6,10.5,unknown
frillish-male,water,55,1.2,33,unknown
jellicent-male,water,100,2.2,135,unknown
alomomola,water,165,1.2,31.6,unknown
joltik,bug,50,0.1,0.6,unknown
galvantula,bug,70,0.8,14.3,unknown
ferroseed,grass,44,0.6,18.8,unknown
ferrothorn,grass,74,1,110,unknown
klink,steel,40,0.3,21,unknown
klang,steel,60,0.6,51,unknown
klinklang,steel,60,0.6,81,unknown
tynamo,electric,35,0.2,0.3,unknown
eelektrik,electric,65,1.2,22,unknown
eelektross,electric,85,2.1,80.5,unknown
elgyem,psychic,55,0.5,9,unknown
beheeyem,psychic,75,1,34.5,unknown
litwick,ghost,50,0.3,3.1,unknown
lampent,ghost,60,0.6,13,unknown
chandelure,ghost,60,1,34.3,unknown
axew,dragon,46,0.6,18,unknown
fraxure,dragon,66,1,36,unknown
haxorus,dragon,76,1.8,105.5,unknown
cubchoo,ice,55,0.5,8.5,unknown
beartic,ice,95,2.6,260,unknown
cryogonal,ice,80,1.1,148,unknown
shelmet,bug,50,0.4,7.7,unknown
accelgor,bug,80,0.8,25.3,unknown
stunfisk,ground,109,0.7,11,unknown
mienfoo,fighting,45,0.9,20,unknown
mienshao,fighting,65,1.4,35.5,unknown
druddigon,dragon,77,1.6,139,unknown
golett,ground,59,1,92,unknown
golurk,ground,89,2.8,330,unknown
pawniard,dark,45,0.5,10.2,unknown
bisharp,dark,65,1.6,70,unknown
bouffalant,normal,95,1.6,94.6,unknown
rufflet,normal,70,0.5,10.5,unknown
braviary,normal,100,1.5,41,unknown
vullaby,dark,70,0.5,9,unknown
mandibuzz,dark,110,1.2,39.5,unknown
heatmor,fire,85,1.4,58,unknown
durant,bug,58,0.3,33,unknown
deino,dark,52,0.8,17.3,unknown
zweilous,dark,72,1.4,50,unknown
hydreigon,dark,92,1.8,160,unknown
larvesta,bug,55,1.1,28.8,unknown
volcarona,bug,85,1.6,46,unknown
cobalion,steel,91,2.1,250,unknown
terrakion,rock,91,1.9,260,unknown
virizion,grass,91,2,200,unknown
tornadus-incarnate,flying,79,1.5,63,unknown
thundurus-incarnate,electric,79,1.5,61,unknown
reshiram,dragon,100,3.2,330,unknown
zekrom,dragon,100,2.9,345,unknown
landorus-incarnate,ground,89,1.5,68,unknown
kyurem,dragon,125,3,325,unknown
keldeo-ordinary,water,91,1.4,48.5,unknown
meloetta-aria,normal,100,0.6,6.5,unknown
genesect,bug,71,1.5,82.5,unknown
chespin,grass,56,0.4,9,unknown
quilladin,grass,61,0.7,29,unknown
chesnaught,grass,88,1.6,90,unknown
fennekin,fire,40,0.4,9.4,unknown
braixen,fire,59,1,14.5,unknown
delphox,fire,75,1.5,39,unknown
froakie,water,41,0.3,7,unknown
frogadier,water,54,0.6,10.9,unknown
greninja,water,72,1.5,40,unknown
bunnelby,normal,38,0.4,5,unknown
diggersby,normal,85,1,42.4,unknown
fletchling,normal,45,0.3,1.7,unknown
fletchinder,fire,62,0.7,16,unknown
talonflame,fire,78,1.2,24.5,unknown
scatterbug,bug,38,0.3,2.5,unknown
spewpa,bug,45,0.3,8.4,unknown
vivillon,bug,80,1.2,17,unknown
litleo,fire,62,0.6,13.5,unknown
pyroar-male,fire,86,1.5,81.5,unknown
flabebe,fairy,44,0.1,0.1,unknown
floette,fairy,54,0.2,0.9,unknown
florges,fairy,78,1.1,10,unknown
skiddo,grass,66,0.9,31,unknown
gogoat,grass,123,1.7,91,unknown
pancham,fighting,67,0.6,8,unknown
pangoro,fighting,95,2.1,136,unknown
furfrou,normal,75,1.2,28,unknown
espurr,psychic,62,0.3,3.5,unknown
meowstic-male,psychic,74,0.6,8.5,unknown
honedge,steel,45,0.8,2,unknown
doublade,steel,59,0.8,4.5,unknown
aegislash-shield,steel,60,1.7,53,unknown
spritzee,fairy,78,0.2,0.5,unknown
aromatisse,fairy,101,0.8,15.5,unknown
swirlix,fairy,62,0.4,3.5,unknown
slurpuff,fairy,82,0.8,5,unknown
inkay,dark,53,0.4,3.5,unknown
malamar,dark,86,1.5,47,unknown
binacle,rock,42,0.5,31,unknown
barbaracle,rock,72,1.3,96,unknown
skrelp,poison,50,0.5,7.3,unknown
dragalge,poison,65,1.8,81.5,unknown
clauncher,water,50,0.5,8.3,unknown
clawitzer,water,71,1.3,35.3,unknown
helioptile,electric,44,0.5,6,unknown
heliolisk,electric,62,1,21,unknown
tyrunt,rock,58,0.8,26,unknown
tyrantrum,rock,82,2.5,270,unknown
amaura,rock,77,1.3,25.2,unknown
aurorus,rock,123,2.7,225,unknown
sylveon,fairy,95,1,23.5,unknown
hawlucha,fighting,78,0.8,21.5,unknown
dedenne,electric,67,0.2,2.2,unknown
carbink,rock,50,0.3,5.7,unknown
goomy,dragon,45,0.3,2.8,unknown
sliggoo,dragon,68,0.8,17.5,unknown
goodra,dragon,90,2,150.5,unknown
klefki,steel,57,0.2,3,unknown
phantump,ghost,43,0.4,7,unknown
trevenant,ghost,85,1.5,71,unknown
pumpkaboo-average,ghost,49,0.4,5,unknown
gourgeist-average,ghost,65,0.9,12.5,unknown
bergmite,ice,55,1,99.5,unknown
avalugg,ice,95,2,505,unknown
noibat,flying,40,0.5,8,unknown
noivern,flying,85,1.5,85,unknown
xerneas,fairy,126,3,215,unknown
yveltal,dark,126,5.8,203,unknown
zygarde-50,dragon,108,5,305,unknown
diancie,rock,50,0.7,8.8,unknown
hoopa,psychic,80,0.5,9,unknown
volcanion,fire,80,1.7,195,unknown
rowlet,grass,68,0.3,1.5,unknown
dartrix,grass,78,0.7,16,unknown
decidueye,grass,78,1.6,36.6,unknown
litten,fire,45,0.4,4.3,unknown
torracat,fire,65,0.7,25,unknown
incineroar,fire,95,1.8,83,unknown
popplio,water,50,0.4,7.5,unknown
brionne,water,60,0.6,17.5,unknown
primarina,water,80,1.8,44,unknown
pikipek,normal,35,0.3,1.2,unknown
trumbeak,normal,55,0.6,14.8,unknown
toucannon,normal,80,1.1,26,unknown
yungoos,normal,48,0.4,6,unknown
gumshoos,normal,88,0.7,14.2,unknown
grubbin,bug,47,0.4,4.4,unknown
charjabug,bug,57,0.5,10.5,unknown
vikavolt,bug,77,1.5,45,unknown
crabrawler,fighting,47,0.6,7,unknown
crabominable,fighting,97,1.7,180,unknown
oricorio-baile,fire,75,0.6,3.4,unknown
cutiefly,bug,40,0.1,0.2,unknown
ribombee,bug,60,0.2,0.5,unknown
rockruff,rock,45,0.5,9.2,unknown
lycanroc-midday,rock,75,0.8,25,unknown
wishiwashi-solo,water,45,0.2,0.3,unknown
mareanie,poison,50,0.4,8,unknown
toxapex,poison,50,0.7,14.5,unknown
mudbray,ground,70,1,110,unknown
mudsdale,ground,100,2.5,920,unknown
dewpider,water,38,0.3,4,unknown
araquanid,water,68,1.8,82,unknown
fomantis,grass,40,0.3,1.5,unknown
lurantis,grass,70,0.9,18.5,unknown
morelull,grass,40,0.2,1.5,unknown
shiinotic,grass,60,1,11.5,unknown
salandit,poison,48,0.6,4.8,unknown
salazzle,poison,68,1.2,22.2,unknown
stufful,normal,70,0.5,6.8,unknown
bewear,normal,120,2.1,135,unknown
bounsweet,grass,42,0.3,3.2,unknown
steenee,grass,52,0.7,8.2,unknown
tsareena,grass,72,1.2,21.4,unknown
comfey,fairy,51,0.1,0.3,unknown
oranguru,normal,90,1.5,76,unknown
passimian,fighting,100,2,82.8,unknown
wimpod,bug,25,0.5,12,unknown
golisopod,bug,75,2,108,unknown
sandygast,ghost,55,0.5,70,unknown
palossand,ghost,85,1.3,250,unknown
pyukumuku,water,55,0.3,1.2,unknown
type-null,normal,95,1.9,120.5,unknown
silvally,normal,95,2.3,100.5,unknown
minior-red-meteor,rock,60,0.3,40,unknown
komala,normal,65,0.4,19.9,unknown
turtonator,fire,60,2,212,unknown
togedemaru,electric,65,0.3,3.3,unknown
mimikyu-disguised,ghost,55,0.2,0.7,unknown
bruxish,water,68,0.9,19,unknown
drampa,normal,78,3,185,unknown
dhelmise,ghost,70,3.9,210,unknown
jangmo-o,dragon,45,0.6,29.7,unknown
hakamo-o,dragon,55,1.2,47,unknown
kommo-o,dragon,75,1.6,78.2,unknown
tapu-koko,electric,70,1.8,20.5,unknown
tapu-lele,psychic,70,1.2,18.6,unknown
tapu-bulu,grass,70,1.9,45.5,unknown
tapu-fini,water,70,1.3,21.2,unknown
cosmog,psychic,43,0.2,0.1,unknown
cosmoem,psychic,43,0.1,999.9,unknown
solgaleo,psychic,137,3.4,230,unknown
lunala,psychic,137,4,120,unknown
nihilego,rock,109,1.2,55.5,unknown
buzzwole,bug,107,2.4,333.6,unknown
pheromosa,bug,71,1.8,25,unknown
xurkitree,electric,83,3.8,100,unknown
celesteela,steel,97,9.2,999.9,unknown
kartana,grass,59,0.3,0.1,unknown
guzzlord,dark,223,5.5,888,unknown
necrozma,psychic,97,2.4,230,unknown
magearna,steel,80,1,80.5,unknown
marshadow,fighting,90,0.7,22.2,unknown
poipole,poison,67,0.6,1.8,unknown
naganadel,poison,73,3.6,150,unknown
stakataka,rock,61,5.5,820,unknown
blacephalon,fire,53,1.8,13,unknown
zeraora,electric,88,1.5,44.5,unknown
meltan,steel,46,0.2,8,unknown
melmetal,steel,135,2.5,800,unknown
grookey,grass,50,0.3,5,unknown
thwackey,grass,70,0.7,14,unknown
rillaboom,grass,100,2.1,90,unknown
scorbunny,fire,50,0.3,4.5,unknown
raboot,fire,65,0.6,9,unknown
cinderace,fire,80,1.4,33,unknown
sobble,water,50,0.3,4,unknown
drizzile,water,65,0.7,11.5,unknown
inteleon,water,70,1.9,45.2,unknown
skwovet,normal,70,0.3,2.5,unknown
greedent,normal,120,0.6,6,unknown
rookidee,flying,38,0.2,1.8,unknown
corvisquire,flying,68,0.8,16,unknown
corviknight,flying,98,2.2,75,unknown
blipbug,bug,25,0.4,8,unknown
dottler,bug,50,0.4,19.5,unknown
orbeetle,bug,60,0.4,40.8,unknown
nickit,dark,40,0.6,8.9,unknown
thievul,dark,70,1.2,19.9,unknown
gossifleur,grass,40,0.4,2.2,unknown
eldegoss,grass,60,0.5,2.5,unknown
wooloo,normal,42,0.6,6,unknown
dubwool,normal,72,1.3,43,unknown
chewtle,water,50,0.3,8.5,unknown
drednaw,water,90,1,115.5,unknown
yamper,electric,59,0.3,13.5,unknown
boltund,electric,69,1,34,unknown
rolycoly,rock,30,0.3,12,unknown
carkol,rock,80,1.1,78,unknown
coalossal,rock,110,2.8,310.5,unknown
applin,grass,40,0.2,0.5,unknown
flapple,grass,70,0.3,1,unknown
appletun,grass,110,0.4,13,unknown
silicobra,ground,52,2.2,7.6,unknown
sandaconda,ground,72,3.8,65.5,unknown
cramorant,flying,70,0.8,18,unknown
arrokuda,water,41,0.5,1,unknown
barraskewda,water,61,1.3,30,unknown
toxel,electric,40,0.4,11,unknown
toxtricity-amped,electric,75,1.6,40,unknown
sizzlipede,fire,50,0.7,1,unknown
centiskorch,fire,100,3,120,unknown
clobbopus,fighting,50,0.6,4,unknown
grapploct,fighting,80,1.6,39,unknown
sinistea,ghost,40,0.1,0.2,unknown
polteageist,ghost,60,0.2,0.4,unknown
hatenna,psychic,42,0.4,3.4,unknown
hattrem,psychic,57,0.6,4.8,unknown
hatterene,psychic,57,2.1,5.1,unknown
impidimp,dark,45,0.4,5.5,unknown
morgrem,dark,65,0.8,12.5,unknown
grimmsnarl,dark,95,1.5,61,unknown
obstagoon,dark,93,1.6,46,unknown
perrserker,steel,70,0.8,28,unknown
cursola,ghost,60,1,0.4,unknown
sirfetchd,fighting,62,0.8,117,unknown
mr-rime,ice,80,1.5,58.2,unknown
runerigus,ground,58,1.6,66.6,unknown
milcery,fairy,45,0.2,0.3,unknown
alcremie,fairy,65,0.3,0.5,unknown
falinks,fighting,65,3,62,unknown
pincurchin,electric,48,0.3,1,unknown
snom,ice,30,0.3,3.8,unknown
frosmoth,ice,70,1.3,42,unknown
stonjourner,rock,100,2.5,520,unknown
eiscue-ice,ice,75,1.4,89,unknown
indeedee-male,psychic,60,0.9,28,unknown
morpeko-full-belly,electric,58,0.3,3,unknown
cufant,steel,72,1.2,100,unknown
copperajah,steel,122,3,650,unknown
dracozolt,electric,90,1.8,190,unknown
arctozolt,electric,90,2.3,150,unknown
dracovish,water,90,2.3,215,unknown
arctovish,water,90,2,175,unknown
duraludon,steel,70,1.8,40,unknown
dreepy,dragon,28,0.5,2,unknown
drakloak,dragon,68,1.4,11,unknown
dragapult,dragon,88,3,50,unknown
zacian,fairy,92,2.8,110,unknown
zamazenta,fighting,92,2.9,210,unknown
eternatus,poison,140,20,950,unknown
kubfu,fighting,60,0.6,12,unknown
urshifu-single-strike,fighting,100,1.9,105,unknown
zarude,dark,105,1.8,70,unknown
regieleki,electric,80,1.2,145,unknown
regidrago,dragon,200,2.1,200,unknown
glastrier,ice,100,2.2,800,unknown
spectrier,ghost,100,2,44.5,unknown
calyrex,psychic,100,1.1,7.7,unknown
wyrdeer,normal,103,1.8,95.1,unknown
kleavor,bug,70,1.8,89,unknown
ursaluna,ground,130,2.4,290,unknown
basculegion-male,water,120,3,110,unknown
sneasler,fighting,80,1.3,43,unknown
overqwil,dark,85,2.5,60.5,unknown
enamorus-incarnate,fairy,74,1.6,48,unknown
sprigatito,grass,40,0.4,4.1,unknown
floragato,grass,61,0.9,12.2,unknown
meowscarada,grass,76,1.5,31.2,unknown
fuecoco,fire,67,0.4,9.8,unknown
crocalor,fire,81,1,30.7,unknown
skeledirge,fire,104,1.6,326.5,unknown
quaxly,water,55,0.5,6.1,unknown
quaxwell,water,70,1.2,21.5,unknown
quaquaval,water,85,1.8,61.9,unknown
lechonk,normal,54,0.5,10.2,unknown
oinkologne-male,normal,110,1,120,unknown
tarountula,bug,35,0.3,4,unknown
spidops,bug,60,1,16.5,unknown
nymble,bug,33,0.2,1,unknown
lokix,bug,71,1,17.5,unknown
pawmi,electric,45,0.3,2.5,unknown
pawmo,electric,60,0.4,6.5,unknown
pawmot,electric,70,0.9,41,unknown
tandemaus,normal,50,0.3,1.8,unknown
maushold-family-of-four,normal,74,0.3,2.3,unknown
fidough,fairy,37,0.3,10.9,unknown
dachsbun,fairy,57,0.5,14.9,unknown
smoliv,grass,41,0.3,6.5,unknown
dolliv,grass,52,0.6,11.9,unknown
arboliva,grass,78,1.4,48.2,unknown
squawkabilly-green-plumage,normal,82,0.6,2.4,unknown
nacli,rock,55,0.4,16,unknown
naclstack,rock,60,0.6,105,unknown
garganacl,rock,100,2.3,240,unknown
charcadet,fire,40,0.6,10.5,unknown
armarouge,fire,85,1.5,85,unknown
ceruledge,fire,75,1.6,62,unknown
tadbulb,electric,61,0.3,0.4,unknown
bellibolt,electric,109,1.2,113,unknown
wattrel,electric,40,0.4,3.6,unknown
kilowattrel,electric,70,1.4,38.6,unknown
maschiff,dark,60,0.5,16,unknown
mabosstiff,dark,80,1.1,61,unknown
shroodle,poison,40,0.2,0.7,unknown
grafaiai,poison,63,0.7,27.2,unknown
bramblin,grass,40,0.6,0.6,unknown
brambleghast,grass,55,1.2,6,unknown
toedscool,ground,40,0.9,33,unknown
toedscruel,ground,80,1.9,58,unknown
klawf,rock,70,1.3,79,unknown
capsakid,grass,50,0.3,3,unknown
scovillain,grass,65,0.9,15,unknown
rellor,bug,41,0.2,1,unknown
rabsca,bug,75,0.3,3.5,unknown
flittle,psychic,30,0.2,1.5,unknown
espathra,psychic,95,1.9,90,unknown
tinkatink,fairy,50,0.4,8.9,unknown
tinkatuff,fairy,65,0.7,59.1,unknown
tinkaton,fairy,85,0.7,112.8,unknown
wiglett,water,10,1.2,1.8,unknown
wugtrio,water,35,1.2,5.4,unknown
bombirdier,flying,70,1.5,42.9,unknown
finizen,water,70,1.3,60.2,unknown
palafin-zero,water,100,1.3,60.2,unknown
varoom,steel,45,1,35,unknown
revavroom,steel,80,1.8,120,unknown
cyclizar,dragon,70,1.6,63,unknown
orthworm,steel,70,2.5,310,unknown
glimmet,rock,48,0.7,8,unknown
glimmora,rock,83,1.5,45,unknown
greavard,ghost,50,0.6,35,unknown
houndstone,ghost,72,2,15,unknown
flamigo,flying,82,1.6,37,unknown
cetoddle,ice,108,1.2,45,unknown
cetitan,ice,170,4.5,700,unknown
veluza,water,90,2.5,90,unknown
dondozo,water,150,12,220,unknown
tatsugiri-curly,dragon,68,0.3,8,unknown
annihilape,fighting,110,1.2,56,unknown
clodsire,poison,130,1.8,223,unknown
farigiraf,normal,120,3.2,160,unknown
dudunsparce-two-segment,normal,125,3.6,39.2,unknown
kingambit,dark,100,2,120,unknown
great-tusk,ground,115,2.2,320,unknown
scream-tail,fairy,115,1.2,8,unknown
brute-bonnet,grass,111,1.2,21,unknown
flutter-mane,ghost,55,1.4,4,unknown
slither-wing,bug,85,3.2,92,unknown
sandy-shocks,electric,85,2.3,60,unknown
iron-treads,ground,90,0.9,240,unknown
iron-bundle,ice,56,0.6,11,unknown
iron-hands,fighting,154,1.8,380.7,unknown
iron-jugulis,dark,94,1.3,111,unknown
iron-moth,fire,80,1.2,36,unknown
iron-thorns,rock,100,1.6,303,unknown
frigibax,dragon,65,0.5,17,unknown
arctibax,dragon,90,0.8,30,unknown
baxcalibur,dragon,115,2.1,210,unknown
gimmighoul,ghost,45,0.3,5,unknown
gholdengo,steel,87,1.2,30,unknown
wo-chien,dark,85,1.5,74.2,unknown
chien-pao,dark,80,1.9,152.2,unknown
ting-lu,dark,155,2.7,699.7,unknown
chi-yu,dark,55,0.4,4.9,unknown
roaring-moon,dragon,105,2,380,unknown
iron-valiant,fairy,74,1.4,35,unknown
koraidon,fighting,100,2.5,303,unknown
miraidon,electric,100,3.5,240,unknown
walking-wake,water,99,3.5,280,unknown
iron-leaves,grass,90,1.5,125,unknown
dipplin,grass,80,0.4,9.7,unknown
poltchageist,grass,40,0.1,1.1,unknown
sinistcha,grass,71,0.2,2.2,unknown
okidogi,poison,88,1.8,92.2,unknown
munkidori,poison,88,1,12.2,unknown
fezandipiti,poison,88,1.4,30.1,unknown
ogerpon,grass,80,1.2,39.8,unknown
archaludon,steel,90,2,60,unknown
hydrapple,grass,106,1.8,93,unknown
gouging-fire,fire,105,3.5,590,unknown
raging-bolt,electric,125,5.2,480,unknown
iron-boulder,rock,90,1.5,162.5,unknown
iron-crown,steel,90,1.6,156,unknown
terapagos,normal,90,0.2,6.5,unknown
pecharunt,poison,88,0.3,0.3,unknown
